================ RUN 1 ================
                                                                        QUERY PLAN                                                                         
-----------------------------------------------------------------------------------------------------------------------------------------------------------
 Nested Loop  (cost=175.48..1956.92 rows=50 width=22) (actual time=5.681..68.848 rows=50 loops=1)
   Buffers: shared hit=612 read=1392
   ->  Limit  (cost=0.00..0.81 rows=10 width=528) (actual time=0.444..0.449 rows=10 loops=1)
         Buffers: shared read=1
         ->  Seq Scan on sift_query  (cost=0.00..815.00 rows=10000 width=528) (actual time=0.442..0.445 rows=10 loops=1)
               Buffers: shared read=1
   ->  Limit  (cost=175.48..195.51 rows=5 width=22) (actual time=3.066..6.837 rows=5 loops=10)
         Buffers: shared hit=612 read=1391
         ->  Index Scan using sift_base_v_ivfflat on sift_base b  (cost=175.48..480484.28 rows=119912 width=22) (actual time=3.065..6.835 rows=5 loops=10)
               Order By: (v <-> sift_query.v)
               Filter: ((price >= 100) AND (price <= 500) AND (category = ANY ('{3,5,7}'::integer[])))
               Rows Removed by Filter: 31
               Buffers: shared hit=612 read=1391
 Planning:
   Buffers: shared hit=371 read=22
 Planning Time: 4.139 ms
 Execution Time: 69.173 ms
(17 rows)

================ RUN 2 ================
                                                                        QUERY PLAN                                                                         
-----------------------------------------------------------------------------------------------------------------------------------------------------------
 Nested Loop  (cost=175.48..1956.92 rows=50 width=22) (actual time=1.020..6.140 rows=50 loops=1)
   Buffers: shared hit=1075 read=930
   ->  Limit  (cost=0.00..0.81 rows=10 width=528) (actual time=0.005..0.008 rows=10 loops=1)
         Buffers: shared hit=2
         ->  Seq Scan on sift_query  (cost=0.00..815.00 rows=10000 width=528) (actual time=0.004..0.006 rows=10 loops=1)
               Buffers: shared hit=2
   ->  Limit  (cost=175.48..195.51 rows=5 width=22) (actual time=0.581..0.611 rows=5 loops=10)
         Buffers: shared hit=1073 read=930
         ->  Index Scan using sift_base_v_ivfflat on sift_base b  (cost=175.48..480484.28 rows=119912 width=22) (actual time=0.580..0.610 rows=5 loops=10)
               Order By: (v <-> sift_query.v)
               Filter: ((price >= 100) AND (price <= 500) AND (category = ANY ('{3,5,7}'::integer[])))
               Rows Removed by Filter: 31
               Buffers: shared hit=1073 read=930
 Planning:
   Buffers: shared hit=393
 Planning Time: 1.326 ms
 Execution Time: 6.206 ms
(17 rows)

================ RUN 3 ================
                                                                        QUERY PLAN                                                                         
-----------------------------------------------------------------------------------------------------------------------------------------------------------
 Nested Loop  (cost=175.48..1956.92 rows=50 width=22) (actual time=0.997..5.956 rows=50 loops=1)
   Buffers: shared hit=1107 read=898
   ->  Limit  (cost=0.00..0.81 rows=10 width=528) (actual time=0.005..0.008 rows=10 loops=1)
         Buffers: shared hit=2
         ->  Seq Scan on sift_query  (cost=0.00..815.00 rows=10000 width=528) (actual time=0.004..0.006 rows=10 loops=1)
               Buffers: shared hit=2
   ->  Limit  (cost=175.48..195.51 rows=5 width=22) (actual time=0.565..0.593 rows=5 loops=10)
         Buffers: shared hit=1105 read=898
         ->  Index Scan using sift_base_v_ivfflat on sift_base b  (cost=175.48..480484.28 rows=119912 width=22) (actual time=0.565..0.592 rows=5 loops=10)
               Order By: (v <-> sift_query.v)
               Filter: ((price >= 100) AND (price <= 500) AND (category = ANY ('{3,5,7}'::integer[])))
               Rows Removed by Filter: 31
               Buffers: shared hit=1105 read=898
 Planning:
   Buffers: shared hit=393
 Planning Time: 1.271 ms
 Execution Time: 6.014 ms
(17 rows)

================ RUN 4 ================
                                                                        QUERY PLAN                                                                         
-----------------------------------------------------------------------------------------------------------------------------------------------------------
 Nested Loop  (cost=175.48..1956.92 rows=50 width=22) (actual time=0.903..5.669 rows=50 loops=1)
   Buffers: shared hit=1139 read=866
   ->  Limit  (cost=0.00..0.81 rows=10 width=528) (actual time=0.004..0.007 rows=10 loops=1)
         Buffers: shared hit=2
         ->  Seq Scan on sift_query  (cost=0.00..815.00 rows=10000 width=528) (actual time=0.004..0.005 rows=10 loops=1)
               Buffers: shared hit=2
   ->  Limit  (cost=175.48..195.51 rows=5 width=22) (actual time=0.539..0.565 rows=5 loops=10)
         Buffers: shared hit=1137 read=866
         ->  Index Scan using sift_base_v_ivfflat on sift_base b  (cost=175.48..480484.28 rows=119912 width=22) (actual time=0.538..0.563 rows=5 loops=10)
               Order By: (v <-> sift_query.v)
               Filter: ((price >= 100) AND (price <= 500) AND (category = ANY ('{3,5,7}'::integer[])))
               Rows Removed by Filter: 31
               Buffers: shared hit=1137 read=866
 Planning:
   Buffers: shared hit=393
 Planning Time: 1.092 ms
 Execution Time: 5.723 ms
(17 rows)

================ RUN 5 ================
                                                                        QUERY PLAN                                                                         
-----------------------------------------------------------------------------------------------------------------------------------------------------------
 Nested Loop  (cost=175.48..1956.92 rows=50 width=22) (actual time=0.901..5.593 rows=50 loops=1)
   Buffers: shared hit=1171 read=834
   ->  Limit  (cost=0.00..0.81 rows=10 width=528) (actual time=0.004..0.007 rows=10 loops=1)
         Buffers: shared hit=2
         ->  Seq Scan on sift_query  (cost=0.00..815.00 rows=10000 width=528) (actual time=0.003..0.005 rows=10 loops=1)
               Buffers: shared hit=2
   ->  Limit  (cost=175.48..195.51 rows=5 width=22) (actual time=0.532..0.557 rows=5 loops=10)
         Buffers: shared hit=1169 read=834
         ->  Index Scan using sift_base_v_ivfflat on sift_base b  (cost=175.48..480484.28 rows=119912 width=22) (actual time=0.532..0.556 rows=5 loops=10)
               Order By: (v <-> sift_query.v)
               Filter: ((price >= 100) AND (price <= 500) AND (category = ANY ('{3,5,7}'::integer[])))
               Rows Removed by Filter: 31
               Buffers: shared hit=1169 read=834
 Planning:
   Buffers: shared hit=393
 Planning Time: 1.067 ms
 Execution Time: 5.644 ms
(17 rows)

================ RUN 6 ================
                                                                        QUERY PLAN                                                                         
-----------------------------------------------------------------------------------------------------------------------------------------------------------
 Nested Loop  (cost=175.48..1956.92 rows=50 width=22) (actual time=0.860..5.320 rows=50 loops=1)
   Buffers: shared hit=1203 read=802
   ->  Limit  (cost=0.00..0.81 rows=10 width=528) (actual time=0.004..0.006 rows=10 loops=1)
         Buffers: shared hit=2
         ->  Seq Scan on sift_query  (cost=0.00..815.00 rows=10000 width=528) (actual time=0.003..0.005 rows=10 loops=1)
               Buffers: shared hit=2
   ->  Limit  (cost=175.48..195.51 rows=5 width=22) (actual time=0.506..0.530 rows=5 loops=10)
         Buffers: shared hit=1201 read=802
         ->  Index Scan using sift_base_v_ivfflat on sift_base b  (cost=175.48..480484.28 rows=119912 width=22) (actual time=0.505..0.529 rows=5 loops=10)
               Order By: (v <-> sift_query.v)
               Filter: ((price >= 100) AND (price <= 500) AND (category = ANY ('{3,5,7}'::integer[])))
               Rows Removed by Filter: 31
               Buffers: shared hit=1201 read=802
 Planning:
   Buffers: shared hit=393
 Planning Time: 1.010 ms
 Execution Time: 5.369 ms
(17 rows)

================ RUN 7 ================
                                                                        QUERY PLAN                                                                         
-----------------------------------------------------------------------------------------------------------------------------------------------------------
 Nested Loop  (cost=175.48..1956.92 rows=50 width=22) (actual time=0.853..5.256 rows=50 loops=1)
   Buffers: shared hit=1235 read=770
   ->  Limit  (cost=0.00..0.81 rows=10 width=528) (actual time=0.004..0.007 rows=10 loops=1)
         Buffers: shared hit=2
         ->  Seq Scan on sift_query  (cost=0.00..815.00 rows=10000 width=528) (actual time=0.003..0.005 rows=10 loops=1)
               Buffers: shared hit=2
   ->  Limit  (cost=175.48..195.51 rows=5 width=22) (actual time=0.500..0.523 rows=5 loops=10)
         Buffers: shared hit=1233 read=770
         ->  Index Scan using sift_base_v_ivfflat on sift_base b  (cost=175.48..480484.28 rows=119912 width=22) (actual time=0.499..0.522 rows=5 loops=10)
               Order By: (v <-> sift_query.v)
               Filter: ((price >= 100) AND (price <= 500) AND (category = ANY ('{3,5,7}'::integer[])))
               Rows Removed by Filter: 31
               Buffers: shared hit=1233 read=770
 Planning:
   Buffers: shared hit=393
 Planning Time: 1.016 ms
 Execution Time: 5.305 ms
(17 rows)

================ RUN 8 ================
                                                                        QUERY PLAN                                                                         
-----------------------------------------------------------------------------------------------------------------------------------------------------------
 Nested Loop  (cost=175.48..1956.92 rows=50 width=22) (actual time=0.939..5.646 rows=50 loops=1)
   Buffers: shared hit=1267 read=738
   ->  Limit  (cost=0.00..0.81 rows=10 width=528) (actual time=0.004..0.008 rows=10 loops=1)
         Buffers: shared hit=2
         ->  Seq Scan on sift_query  (cost=0.00..815.00 rows=10000 width=528) (actual time=0.004..0.005 rows=10 loops=1)
               Buffers: shared hit=2
   ->  Limit  (cost=175.48..195.51 rows=5 width=22) (actual time=0.537..0.562 rows=5 loops=10)
         Buffers: shared hit=1265 read=738
         ->  Index Scan using sift_base_v_ivfflat on sift_base b  (cost=175.48..480484.28 rows=119912 width=22) (actual time=0.536..0.561 rows=5 loops=10)
               Order By: (v <-> sift_query.v)
               Filter: ((price >= 100) AND (price <= 500) AND (category = ANY ('{3,5,7}'::integer[])))
               Rows Removed by Filter: 31
               Buffers: shared hit=1265 read=738
 Planning:
   Buffers: shared hit=393
 Planning Time: 1.184 ms
 Execution Time: 5.703 ms
(17 rows)

================ RUN 9 ================
                                                                        QUERY PLAN                                                                         
-----------------------------------------------------------------------------------------------------------------------------------------------------------
 Nested Loop  (cost=175.48..1956.92 rows=50 width=22) (actual time=0.862..5.282 rows=50 loops=1)
   Buffers: shared hit=1299 read=706
   ->  Limit  (cost=0.00..0.81 rows=10 width=528) (actual time=0.004..0.007 rows=10 loops=1)
         Buffers: shared hit=2
         ->  Seq Scan on sift_query  (cost=0.00..815.00 rows=10000 width=528) (actual time=0.003..0.005 rows=10 loops=1)
               Buffers: shared hit=2
   ->  Limit  (cost=175.48..195.51 rows=5 width=22) (actual time=0.503..0.526 rows=5 loops=10)
         Buffers: shared hit=1297 read=706
         ->  Index Scan using sift_base_v_ivfflat on sift_base b  (cost=175.48..480484.28 rows=119912 width=22) (actual time=0.502..0.525 rows=5 loops=10)
               Order By: (v <-> sift_query.v)
               Filter: ((price >= 100) AND (price <= 500) AND (category = ANY ('{3,5,7}'::integer[])))
               Rows Removed by Filter: 31
               Buffers: shared hit=1297 read=706
 Planning:
   Buffers: shared hit=393
 Planning Time: 1.013 ms
 Execution Time: 5.332 ms
(17 rows)

================ RUN 10 ================
                                                                        QUERY PLAN                                                                         
-----------------------------------------------------------------------------------------------------------------------------------------------------------
 Nested Loop  (cost=175.48..1956.92 rows=50 width=22) (actual time=0.855..5.190 rows=50 loops=1)
   Buffers: shared hit=1331 read=674
   ->  Limit  (cost=0.00..0.81 rows=10 width=528) (actual time=0.004..0.007 rows=10 loops=1)
         Buffers: shared hit=2
         ->  Seq Scan on sift_query  (cost=0.00..815.00 rows=10000 width=528) (actual time=0.003..0.005 rows=10 loops=1)
               Buffers: shared hit=2
   ->  Limit  (cost=175.48..195.51 rows=5 width=22) (actual time=0.493..0.517 rows=5 loops=10)
         Buffers: shared hit=1329 read=674
         ->  Index Scan using sift_base_v_ivfflat on sift_base b  (cost=175.48..480484.28 rows=119912 width=22) (actual time=0.493..0.516 rows=5 loops=10)
               Order By: (v <-> sift_query.v)
               Filter: ((price >= 100) AND (price <= 500) AND (category = ANY ('{3,5,7}'::integer[])))
               Rows Removed by Filter: 31
               Buffers: shared hit=1329 read=674
 Planning:
   Buffers: shared hit=393
 Planning Time: 1.013 ms
 Execution Time: 5.239 ms
(17 rows)

================ RUN 11 ================
                                                                        QUERY PLAN                                                                         
-----------------------------------------------------------------------------------------------------------------------------------------------------------
 Nested Loop  (cost=175.48..1956.92 rows=50 width=22) (actual time=0.850..5.126 rows=50 loops=1)
   Buffers: shared hit=1363 read=642
   ->  Limit  (cost=0.00..0.81 rows=10 width=528) (actual time=0.004..0.007 rows=10 loops=1)
         Buffers: shared hit=2
         ->  Seq Scan on sift_query  (cost=0.00..815.00 rows=10000 width=528) (actual time=0.003..0.005 rows=10 loops=1)
               Buffers: shared hit=2
   ->  Limit  (cost=175.48..195.51 rows=5 width=22) (actual time=0.488..0.511 rows=5 loops=10)
         Buffers: shared hit=1361 read=642
         ->  Index Scan using sift_base_v_ivfflat on sift_base b  (cost=175.48..480484.28 rows=119912 width=22) (actual time=0.488..0.509 rows=5 loops=10)
               Order By: (v <-> sift_query.v)
               Filter: ((price >= 100) AND (price <= 500) AND (category = ANY ('{3,5,7}'::integer[])))
               Rows Removed by Filter: 31
               Buffers: shared hit=1361 read=642
 Planning:
   Buffers: shared hit=393
 Planning Time: 0.999 ms
 Execution Time: 5.175 ms
(17 rows)

================ RUN 12 ================
                                                                        QUERY PLAN                                                                         
-----------------------------------------------------------------------------------------------------------------------------------------------------------
 Nested Loop  (cost=175.48..1956.92 rows=50 width=22) (actual time=0.843..5.125 rows=50 loops=1)
   Buffers: shared hit=1395 read=610
   ->  Limit  (cost=0.00..0.81 rows=10 width=528) (actual time=0.004..0.007 rows=10 loops=1)
         Buffers: shared hit=2
         ->  Seq Scan on sift_query  (cost=0.00..815.00 rows=10000 width=528) (actual time=0.003..0.005 rows=10 loops=1)
               Buffers: shared hit=2
   ->  Limit  (cost=175.48..195.51 rows=5 width=22) (actual time=0.489..0.510 rows=5 loops=10)
         Buffers: shared hit=1393 read=610
         ->  Index Scan using sift_base_v_ivfflat on sift_base b  (cost=175.48..480484.28 rows=119912 width=22) (actual time=0.488..0.509 rows=5 loops=10)
               Order By: (v <-> sift_query.v)
               Filter: ((price >= 100) AND (price <= 500) AND (category = ANY ('{3,5,7}'::integer[])))
               Rows Removed by Filter: 31
               Buffers: shared hit=1393 read=610
 Planning:
   Buffers: shared hit=393
 Planning Time: 0.990 ms
 Execution Time: 5.173 ms
(17 rows)

================ RUN 13 ================
                                                                        QUERY PLAN                                                                         
-----------------------------------------------------------------------------------------------------------------------------------------------------------
 Nested Loop  (cost=175.48..1956.92 rows=50 width=22) (actual time=0.840..5.054 rows=50 loops=1)
   Buffers: shared hit=1427 read=578
   ->  Limit  (cost=0.00..0.81 rows=10 width=528) (actual time=0.004..0.006 rows=10 loops=1)
         Buffers: shared hit=2
         ->  Seq Scan on sift_query  (cost=0.00..815.00 rows=10000 width=528) (actual time=0.003..0.004 rows=10 loops=1)
               Buffers: shared hit=2
   ->  Limit  (cost=175.48..195.51 rows=5 width=22) (actual time=0.482..0.503 rows=5 loops=10)
         Buffers: shared hit=1425 read=578
         ->  Index Scan using sift_base_v_ivfflat on sift_base b  (cost=175.48..480484.28 rows=119912 width=22) (actual time=0.481..0.502 rows=5 loops=10)
               Order By: (v <-> sift_query.v)
               Filter: ((price >= 100) AND (price <= 500) AND (category = ANY ('{3,5,7}'::integer[])))
               Rows Removed by Filter: 31
               Buffers: shared hit=1425 read=578
 Planning:
   Buffers: shared hit=393
 Planning Time: 0.999 ms
 Execution Time: 5.104 ms
(17 rows)

================ RUN 14 ================
                                                                        QUERY PLAN                                                                         
-----------------------------------------------------------------------------------------------------------------------------------------------------------
 Nested Loop  (cost=175.48..1956.92 rows=50 width=22) (actual time=0.964..5.508 rows=50 loops=1)
   Buffers: shared hit=1459 read=546
   ->  Limit  (cost=0.00..0.81 rows=10 width=528) (actual time=0.004..0.008 rows=10 loops=1)
         Buffers: shared hit=2
         ->  Seq Scan on sift_query  (cost=0.00..815.00 rows=10000 width=528) (actual time=0.004..0.005 rows=10 loops=1)
               Buffers: shared hit=2
   ->  Limit  (cost=175.48..195.51 rows=5 width=22) (actual time=0.524..0.549 rows=5 loops=10)
         Buffers: shared hit=1457 read=546
         ->  Index Scan using sift_base_v_ivfflat on sift_base b  (cost=175.48..480484.28 rows=119912 width=22) (actual time=0.523..0.547 rows=5 loops=10)
               Order By: (v <-> sift_query.v)
               Filter: ((price >= 100) AND (price <= 500) AND (category = ANY ('{3,5,7}'::integer[])))
               Rows Removed by Filter: 31
               Buffers: shared hit=1457 read=546
 Planning:
   Buffers: shared hit=393
 Planning Time: 1.157 ms
 Execution Time: 5.565 ms
(17 rows)

================ RUN 15 ================
                                                                        QUERY PLAN                                                                         
-----------------------------------------------------------------------------------------------------------------------------------------------------------
 Nested Loop  (cost=175.48..1956.92 rows=50 width=22) (actual time=0.846..5.085 rows=50 loops=1)
   Buffers: shared hit=1491 read=514
   ->  Limit  (cost=0.00..0.81 rows=10 width=528) (actual time=0.004..0.006 rows=10 loops=1)
         Buffers: shared hit=2
         ->  Seq Scan on sift_query  (cost=0.00..815.00 rows=10000 width=528) (actual time=0.003..0.005 rows=10 loops=1)
               Buffers: shared hit=2
   ->  Limit  (cost=175.48..195.51 rows=5 width=22) (actual time=0.483..0.506 rows=5 loops=10)
         Buffers: shared hit=1489 read=514
         ->  Index Scan using sift_base_v_ivfflat on sift_base b  (cost=175.48..480484.28 rows=119912 width=22) (actual time=0.483..0.505 rows=5 loops=10)
               Order By: (v <-> sift_query.v)
               Filter: ((price >= 100) AND (price <= 500) AND (category = ANY ('{3,5,7}'::integer[])))
               Rows Removed by Filter: 31
               Buffers: shared hit=1489 read=514
 Planning:
   Buffers: shared hit=393
 Planning Time: 0.998 ms
 Execution Time: 5.135 ms
(17 rows)

================ RUN 16 ================
                                                                        QUERY PLAN                                                                         
-----------------------------------------------------------------------------------------------------------------------------------------------------------
 Nested Loop  (cost=175.48..1956.92 rows=50 width=22) (actual time=0.982..5.567 rows=50 loops=1)
   Buffers: shared hit=1523 read=482
   ->  Limit  (cost=0.00..0.81 rows=10 width=528) (actual time=0.005..0.008 rows=10 loops=1)
         Buffers: shared hit=2
         ->  Seq Scan on sift_query  (cost=0.00..815.00 rows=10000 width=528) (actual time=0.004..0.006 rows=10 loops=1)
               Buffers: shared hit=2
   ->  Limit  (cost=175.48..195.51 rows=5 width=22) (actual time=0.528..0.554 rows=5 loops=10)
         Buffers: shared hit=1521 read=482
         ->  Index Scan using sift_base_v_ivfflat on sift_base b  (cost=175.48..480484.28 rows=119912 width=22) (actual time=0.528..0.553 rows=5 loops=10)
               Order By: (v <-> sift_query.v)
               Filter: ((price >= 100) AND (price <= 500) AND (category = ANY ('{3,5,7}'::integer[])))
               Rows Removed by Filter: 31
               Buffers: shared hit=1521 read=482
 Planning:
   Buffers: shared hit=393
 Planning Time: 1.191 ms
 Execution Time: 5.625 ms
(17 rows)

================ RUN 17 ================
                                                                        QUERY PLAN                                                                         
-----------------------------------------------------------------------------------------------------------------------------------------------------------
 Nested Loop  (cost=175.48..1956.92 rows=50 width=22) (actual time=0.956..5.454 rows=50 loops=1)
   Buffers: shared hit=1555 read=450
   ->  Limit  (cost=0.00..0.81 rows=10 width=528) (actual time=0.005..0.008 rows=10 loops=1)
         Buffers: shared hit=2
         ->  Seq Scan on sift_query  (cost=0.00..815.00 rows=10000 width=528) (actual time=0.004..0.006 rows=10 loops=1)
               Buffers: shared hit=2
   ->  Limit  (cost=175.48..195.51 rows=5 width=22) (actual time=0.518..0.543 rows=5 loops=10)
         Buffers: shared hit=1553 read=450
         ->  Index Scan using sift_base_v_ivfflat on sift_base b  (cost=175.48..480484.28 rows=119912 width=22) (actual time=0.517..0.542 rows=5 loops=10)
               Order By: (v <-> sift_query.v)
               Filter: ((price >= 100) AND (price <= 500) AND (category = ANY ('{3,5,7}'::integer[])))
               Rows Removed by Filter: 31
               Buffers: shared hit=1553 read=450
 Planning:
   Buffers: shared hit=393
 Planning Time: 1.179 ms
 Execution Time: 5.516 ms
(17 rows)

================ RUN 18 ================
                                                                        QUERY PLAN                                                                         
-----------------------------------------------------------------------------------------------------------------------------------------------------------
 Nested Loop  (cost=175.48..1956.92 rows=50 width=22) (actual time=1.112..6.519 rows=50 loops=1)
   Buffers: shared hit=1587 read=418
   ->  Limit  (cost=0.00..0.81 rows=10 width=528) (actual time=0.006..0.010 rows=10 loops=1)
         Buffers: shared hit=2
         ->  Seq Scan on sift_query  (cost=0.00..815.00 rows=10000 width=528) (actual time=0.005..0.007 rows=10 loops=1)
               Buffers: shared hit=2
   ->  Limit  (cost=175.48..195.51 rows=5 width=22) (actual time=0.613..0.649 rows=5 loops=10)
         Buffers: shared hit=1585 read=418
         ->  Index Scan using sift_base_v_ivfflat on sift_base b  (cost=175.48..480484.28 rows=119912 width=22) (actual time=0.612..0.648 rows=5 loops=10)
               Order By: (v <-> sift_query.v)
               Filter: ((price >= 100) AND (price <= 500) AND (category = ANY ('{3,5,7}'::integer[])))
               Rows Removed by Filter: 31
               Buffers: shared hit=1585 read=418
 Planning:
   Buffers: shared hit=393
 Planning Time: 1.352 ms
 Execution Time: 6.582 ms
(17 rows)

================ RUN 19 ================
                                                                        QUERY PLAN                                                                         
-----------------------------------------------------------------------------------------------------------------------------------------------------------
 Nested Loop  (cost=175.48..1956.92 rows=50 width=22) (actual time=1.099..6.402 rows=50 loops=1)
   Buffers: shared hit=1619 read=386
   ->  Limit  (cost=0.00..0.81 rows=10 width=528) (actual time=0.005..0.008 rows=10 loops=1)
         Buffers: shared hit=2
         ->  Seq Scan on sift_query  (cost=0.00..815.00 rows=10000 width=528) (actual time=0.004..0.006 rows=10 loops=1)
               Buffers: shared hit=2
   ->  Limit  (cost=175.48..195.51 rows=5 width=22) (actual time=0.602..0.638 rows=5 loops=10)
         Buffers: shared hit=1617 read=386
         ->  Index Scan using sift_base_v_ivfflat on sift_base b  (cost=175.48..480484.28 rows=119912 width=22) (actual time=0.602..0.637 rows=5 loops=10)
               Order By: (v <-> sift_query.v)
               Filter: ((price >= 100) AND (price <= 500) AND (category = ANY ('{3,5,7}'::integer[])))
               Rows Removed by Filter: 31
               Buffers: shared hit=1617 read=386
 Planning:
   Buffers: shared hit=393
 Planning Time: 1.221 ms
 Execution Time: 6.459 ms
(17 rows)

================ RUN 20 ================
                                                                        QUERY PLAN                                                                         
-----------------------------------------------------------------------------------------------------------------------------------------------------------
 Nested Loop  (cost=175.48..1956.92 rows=50 width=22) (actual time=0.896..5.338 rows=50 loops=1)
   Buffers: shared hit=1651 read=354
   ->  Limit  (cost=0.00..0.81 rows=10 width=528) (actual time=0.004..0.007 rows=10 loops=1)
         Buffers: shared hit=2
         ->  Seq Scan on sift_query  (cost=0.00..815.00 rows=10000 width=528) (actual time=0.003..0.005 rows=10 loops=1)
               Buffers: shared hit=2
   ->  Limit  (cost=175.48..195.51 rows=5 width=22) (actual time=0.507..0.532 rows=5 loops=10)
         Buffers: shared hit=1649 read=354
         ->  Index Scan using sift_base_v_ivfflat on sift_base b  (cost=175.48..480484.28 rows=119912 width=22) (actual time=0.506..0.531 rows=5 loops=10)
               Order By: (v <-> sift_query.v)
               Filter: ((price >= 100) AND (price <= 500) AND (category = ANY ('{3,5,7}'::integer[])))
               Rows Removed by Filter: 31
               Buffers: shared hit=1649 read=354
 Planning:
   Buffers: shared hit=393
 Planning Time: 1.060 ms
 Execution Time: 5.389 ms
(17 rows)

================ RUN 21 ================
                                                                        QUERY PLAN                                                                         
-----------------------------------------------------------------------------------------------------------------------------------------------------------
 Nested Loop  (cost=175.48..1956.92 rows=50 width=22) (actual time=0.860..5.048 rows=50 loops=1)
   Buffers: shared hit=1683 read=322
   ->  Limit  (cost=0.00..0.81 rows=10 width=528) (actual time=0.004..0.007 rows=10 loops=1)
         Buffers: shared hit=2
         ->  Seq Scan on sift_query  (cost=0.00..815.00 rows=10000 width=528) (actual time=0.003..0.005 rows=10 loops=1)
               Buffers: shared hit=2
   ->  Limit  (cost=175.48..195.51 rows=5 width=22) (actual time=0.479..0.503 rows=5 loops=10)
         Buffers: shared hit=1681 read=322
         ->  Index Scan using sift_base_v_ivfflat on sift_base b  (cost=175.48..480484.28 rows=119912 width=22) (actual time=0.479..0.502 rows=5 loops=10)
               Order By: (v <-> sift_query.v)
               Filter: ((price >= 100) AND (price <= 500) AND (category = ANY ('{3,5,7}'::integer[])))
               Rows Removed by Filter: 31
               Buffers: shared hit=1681 read=322
 Planning:
   Buffers: shared hit=393
 Planning Time: 1.015 ms
 Execution Time: 5.100 ms
(17 rows)

================ RUN 22 ================
                                                                        QUERY PLAN                                                                         
-----------------------------------------------------------------------------------------------------------------------------------------------------------
 Nested Loop  (cost=175.48..1956.92 rows=50 width=22) (actual time=0.858..4.958 rows=50 loops=1)
   Buffers: shared hit=1715 read=290
   ->  Limit  (cost=0.00..0.81 rows=10 width=528) (actual time=0.004..0.006 rows=10 loops=1)
         Buffers: shared hit=2
         ->  Seq Scan on sift_query  (cost=0.00..815.00 rows=10000 width=528) (actual time=0.003..0.005 rows=10 loops=1)
               Buffers: shared hit=2
   ->  Limit  (cost=175.48..195.51 rows=5 width=22) (actual time=0.470..0.494 rows=5 loops=10)
         Buffers: shared hit=1713 read=290
         ->  Index Scan using sift_base_v_ivfflat on sift_base b  (cost=175.48..480484.28 rows=119912 width=22) (actual time=0.470..0.493 rows=5 loops=10)
               Order By: (v <-> sift_query.v)
               Filter: ((price >= 100) AND (price <= 500) AND (category = ANY ('{3,5,7}'::integer[])))
               Rows Removed by Filter: 31
               Buffers: shared hit=1713 read=290
 Planning:
   Buffers: shared hit=393
 Planning Time: 1.010 ms
 Execution Time: 5.007 ms
(17 rows)

================ RUN 23 ================
                                                                        QUERY PLAN                                                                         
-----------------------------------------------------------------------------------------------------------------------------------------------------------
 Nested Loop  (cost=175.48..1956.92 rows=50 width=22) (actual time=0.954..5.316 rows=50 loops=1)
   Buffers: shared hit=1747 read=258
   ->  Limit  (cost=0.00..0.81 rows=10 width=528) (actual time=0.004..0.008 rows=10 loops=1)
         Buffers: shared hit=2
         ->  Seq Scan on sift_query  (cost=0.00..815.00 rows=10000 width=528) (actual time=0.004..0.006 rows=10 loops=1)
               Buffers: shared hit=2
   ->  Limit  (cost=175.48..195.51 rows=5 width=22) (actual time=0.504..0.529 rows=5 loops=10)
         Buffers: shared hit=1745 read=258
         ->  Index Scan using sift_base_v_ivfflat on sift_base b  (cost=175.48..480484.28 rows=119912 width=22) (actual time=0.504..0.528 rows=5 loops=10)
               Order By: (v <-> sift_query.v)
               Filter: ((price >= 100) AND (price <= 500) AND (category = ANY ('{3,5,7}'::integer[])))
               Rows Removed by Filter: 31
               Buffers: shared hit=1745 read=258
 Planning:
   Buffers: shared hit=393
 Planning Time: 1.141 ms
 Execution Time: 5.370 ms
(17 rows)

================ RUN 24 ================
                                                                        QUERY PLAN                                                                         
-----------------------------------------------------------------------------------------------------------------------------------------------------------
 Nested Loop  (cost=175.48..1956.92 rows=50 width=22) (actual time=0.843..4.852 rows=50 loops=1)
   Buffers: shared hit=1779 read=226
   ->  Limit  (cost=0.00..0.81 rows=10 width=528) (actual time=0.004..0.007 rows=10 loops=1)
         Buffers: shared hit=2
         ->  Seq Scan on sift_query  (cost=0.00..815.00 rows=10000 width=528) (actual time=0.003..0.005 rows=10 loops=1)
               Buffers: shared hit=2
   ->  Limit  (cost=175.48..195.51 rows=5 width=22) (actual time=0.459..0.483 rows=5 loops=10)
         Buffers: shared hit=1777 read=226
         ->  Index Scan using sift_base_v_ivfflat on sift_base b  (cost=175.48..480484.28 rows=119912 width=22) (actual time=0.458..0.482 rows=5 loops=10)
               Order By: (v <-> sift_query.v)
               Filter: ((price >= 100) AND (price <= 500) AND (category = ANY ('{3,5,7}'::integer[])))
               Rows Removed by Filter: 31
               Buffers: shared hit=1777 read=226
 Planning:
   Buffers: shared hit=393
 Planning Time: 1.014 ms
 Execution Time: 4.901 ms
(17 rows)

================ RUN 25 ================
                                                                        QUERY PLAN                                                                         
-----------------------------------------------------------------------------------------------------------------------------------------------------------
 Nested Loop  (cost=175.48..1956.92 rows=50 width=22) (actual time=0.936..5.192 rows=50 loops=1)
   Buffers: shared hit=1811 read=194
   ->  Limit  (cost=0.00..0.81 rows=10 width=528) (actual time=0.004..0.007 rows=10 loops=1)
         Buffers: shared hit=2
         ->  Seq Scan on sift_query  (cost=0.00..815.00 rows=10000 width=528) (actual time=0.004..0.005 rows=10 loops=1)
               Buffers: shared hit=2
   ->  Limit  (cost=175.48..195.51 rows=5 width=22) (actual time=0.492..0.517 rows=5 loops=10)
         Buffers: shared hit=1809 read=194
         ->  Index Scan using sift_base_v_ivfflat on sift_base b  (cost=175.48..480484.28 rows=119912 width=22) (actual time=0.491..0.516 rows=5 loops=10)
               Order By: (v <-> sift_query.v)
               Filter: ((price >= 100) AND (price <= 500) AND (category = ANY ('{3,5,7}'::integer[])))
               Rows Removed by Filter: 31
               Buffers: shared hit=1809 read=194
 Planning:
   Buffers: shared hit=393
 Planning Time: 1.164 ms
 Execution Time: 5.251 ms
(17 rows)

================ RUN 26 ================
                                                                        QUERY PLAN                                                                         
-----------------------------------------------------------------------------------------------------------------------------------------------------------
 Nested Loop  (cost=175.48..1956.92 rows=50 width=22) (actual time=0.843..4.773 rows=50 loops=1)
   Buffers: shared hit=1843 read=162
   ->  Limit  (cost=0.00..0.81 rows=10 width=528) (actual time=0.004..0.007 rows=10 loops=1)
         Buffers: shared hit=2
         ->  Seq Scan on sift_query  (cost=0.00..815.00 rows=10000 width=528) (actual time=0.003..0.005 rows=10 loops=1)
               Buffers: shared hit=2
   ->  Limit  (cost=175.48..195.51 rows=5 width=22) (actual time=0.453..0.475 rows=5 loops=10)
         Buffers: shared hit=1841 read=162
         ->  Index Scan using sift_base_v_ivfflat on sift_base b  (cost=175.48..480484.28 rows=119912 width=22) (actual time=0.453..0.474 rows=5 loops=10)
               Order By: (v <-> sift_query.v)
               Filter: ((price >= 100) AND (price <= 500) AND (category = ANY ('{3,5,7}'::integer[])))
               Rows Removed by Filter: 31
               Buffers: shared hit=1841 read=162
 Planning:
   Buffers: shared hit=393
 Planning Time: 1.010 ms
 Execution Time: 4.824 ms
(17 rows)

================ RUN 27 ================
                                                                        QUERY PLAN                                                                         
-----------------------------------------------------------------------------------------------------------------------------------------------------------
 Nested Loop  (cost=175.48..1956.92 rows=50 width=22) (actual time=0.982..5.221 rows=50 loops=1)
   Buffers: shared hit=1875 read=130
   ->  Limit  (cost=0.00..0.81 rows=10 width=528) (actual time=0.005..0.008 rows=10 loops=1)
         Buffers: shared hit=2
         ->  Seq Scan on sift_query  (cost=0.00..815.00 rows=10000 width=528) (actual time=0.004..0.006 rows=10 loops=1)
               Buffers: shared hit=2
   ->  Limit  (cost=175.48..195.51 rows=5 width=22) (actual time=0.493..0.520 rows=5 loops=10)
         Buffers: shared hit=1873 read=130
         ->  Index Scan using sift_base_v_ivfflat on sift_base b  (cost=175.48..480484.28 rows=119912 width=22) (actual time=0.493..0.519 rows=5 loops=10)
               Order By: (v <-> sift_query.v)
               Filter: ((price >= 100) AND (price <= 500) AND (category = ANY ('{3,5,7}'::integer[])))
               Rows Removed by Filter: 31
               Buffers: shared hit=1873 read=130
 Planning:
   Buffers: shared hit=393
 Planning Time: 1.190 ms
 Execution Time: 5.279 ms
(17 rows)

================ RUN 28 ================
                                                                        QUERY PLAN                                                                         
-----------------------------------------------------------------------------------------------------------------------------------------------------------
 Nested Loop  (cost=175.48..1956.92 rows=50 width=22) (actual time=0.922..5.084 rows=50 loops=1)
   Buffers: shared hit=1907 read=98
   ->  Limit  (cost=0.00..0.81 rows=10 width=528) (actual time=0.004..0.007 rows=10 loops=1)
         Buffers: shared hit=2
         ->  Seq Scan on sift_query  (cost=0.00..815.00 rows=10000 width=528) (actual time=0.004..0.005 rows=10 loops=1)
               Buffers: shared hit=2
   ->  Limit  (cost=175.48..195.51 rows=5 width=22) (actual time=0.482..0.506 rows=5 loops=10)
         Buffers: shared hit=1905 read=98
         ->  Index Scan using sift_base_v_ivfflat on sift_base b  (cost=175.48..480484.28 rows=119912 width=22) (actual time=0.481..0.505 rows=5 loops=10)
               Order By: (v <-> sift_query.v)
               Filter: ((price >= 100) AND (price <= 500) AND (category = ANY ('{3,5,7}'::integer[])))
               Rows Removed by Filter: 31
               Buffers: shared hit=1905 read=98
 Planning:
   Buffers: shared hit=393
 Planning Time: 1.152 ms
 Execution Time: 5.141 ms
(17 rows)

================ RUN 29 ================
                                                                        QUERY PLAN                                                                         
-----------------------------------------------------------------------------------------------------------------------------------------------------------
 Nested Loop  (cost=175.48..1956.92 rows=50 width=22) (actual time=0.853..4.831 rows=50 loops=1)
   Buffers: shared hit=1939 read=66
   ->  Limit  (cost=0.00..0.81 rows=10 width=528) (actual time=0.004..0.007 rows=10 loops=1)
         Buffers: shared hit=2
         ->  Seq Scan on sift_query  (cost=0.00..815.00 rows=10000 width=528) (actual time=0.003..0.005 rows=10 loops=1)
               Buffers: shared hit=2
   ->  Limit  (cost=175.48..195.51 rows=5 width=22) (actual time=0.459..0.481 rows=5 loops=10)
         Buffers: shared hit=1937 read=66
         ->  Index Scan using sift_base_v_ivfflat on sift_base b  (cost=175.48..480484.28 rows=119912 width=22) (actual time=0.458..0.480 rows=5 loops=10)
               Order By: (v <-> sift_query.v)
               Filter: ((price >= 100) AND (price <= 500) AND (category = ANY ('{3,5,7}'::integer[])))
               Rows Removed by Filter: 31
               Buffers: shared hit=1937 read=66
 Planning:
   Buffers: shared hit=393
 Planning Time: 1.036 ms
 Execution Time: 4.882 ms
(17 rows)

================ RUN 30 ================
                                                                        QUERY PLAN                                                                         
-----------------------------------------------------------------------------------------------------------------------------------------------------------
 Nested Loop  (cost=175.48..1956.92 rows=50 width=22) (actual time=0.912..5.072 rows=50 loops=1)
   Buffers: shared hit=1971 read=34
   ->  Limit  (cost=0.00..0.81 rows=10 width=528) (actual time=0.005..0.008 rows=10 loops=1)
         Buffers: shared hit=2
         ->  Seq Scan on sift_query  (cost=0.00..815.00 rows=10000 width=528) (actual time=0.004..0.005 rows=10 loops=1)
               Buffers: shared hit=2
   ->  Limit  (cost=175.48..195.51 rows=5 width=22) (actual time=0.479..0.505 rows=5 loops=10)
         Buffers: shared hit=1969 read=34
         ->  Index Scan using sift_base_v_ivfflat on sift_base b  (cost=175.48..480484.28 rows=119912 width=22) (actual time=0.478..0.504 rows=5 loops=10)
               Order By: (v <-> sift_query.v)
               Filter: ((price >= 100) AND (price <= 500) AND (category = ANY ('{3,5,7}'::integer[])))
               Rows Removed by Filter: 31
               Buffers: shared hit=1969 read=34
 Planning:
   Buffers: shared hit=393
 Planning Time: 1.203 ms
 Execution Time: 5.129 ms
(17 rows)

================ RUN 31 ================
                                                                        QUERY PLAN                                                                         
-----------------------------------------------------------------------------------------------------------------------------------------------------------
 Nested Loop  (cost=175.48..1956.92 rows=50 width=22) (actual time=0.710..4.786 rows=50 loops=1)
   Buffers: shared hit=2003 read=2
   ->  Limit  (cost=0.00..0.81 rows=10 width=528) (actual time=0.004..0.007 rows=10 loops=1)
         Buffers: shared hit=2
         ->  Seq Scan on sift_query  (cost=0.00..815.00 rows=10000 width=528) (actual time=0.004..0.005 rows=10 loops=1)
               Buffers: shared hit=2
   ->  Limit  (cost=175.48..195.51 rows=5 width=22) (actual time=0.452..0.476 rows=5 loops=10)
         Buffers: shared hit=2001 read=2
         ->  Index Scan using sift_base_v_ivfflat on sift_base b  (cost=175.48..480484.28 rows=119912 width=22) (actual time=0.451..0.475 rows=5 loops=10)
               Order By: (v <-> sift_query.v)
               Filter: ((price >= 100) AND (price <= 500) AND (category = ANY ('{3,5,7}'::integer[])))
               Rows Removed by Filter: 31
               Buffers: shared hit=2001 read=2
 Planning:
   Buffers: shared hit=393
 Planning Time: 1.137 ms
 Execution Time: 4.842 ms
(17 rows)

================ RUN 32 ================
                                                                        QUERY PLAN                                                                         
-----------------------------------------------------------------------------------------------------------------------------------------------------------
 Nested Loop  (cost=175.48..1956.92 rows=50 width=22) (actual time=0.626..4.548 rows=50 loops=1)
   Buffers: shared hit=2005
   ->  Limit  (cost=0.00..0.81 rows=10 width=528) (actual time=0.004..0.006 rows=10 loops=1)
         Buffers: shared hit=2
         ->  Seq Scan on sift_query  (cost=0.00..815.00 rows=10000 width=528) (actual time=0.003..0.005 rows=10 loops=1)
               Buffers: shared hit=2
   ->  Limit  (cost=175.48..195.51 rows=5 width=22) (actual time=0.429..0.453 rows=5 loops=10)
         Buffers: shared hit=2003
         ->  Index Scan using sift_base_v_ivfflat on sift_base b  (cost=175.48..480484.28 rows=119912 width=22) (actual time=0.429..0.452 rows=5 loops=10)
               Order By: (v <-> sift_query.v)
               Filter: ((price >= 100) AND (price <= 500) AND (category = ANY ('{3,5,7}'::integer[])))
               Rows Removed by Filter: 31
               Buffers: shared hit=2003
 Planning:
   Buffers: shared hit=393
 Planning Time: 1.027 ms
 Execution Time: 4.599 ms
(17 rows)

================ RUN 33 ================
                                                                        QUERY PLAN                                                                         
-----------------------------------------------------------------------------------------------------------------------------------------------------------
 Nested Loop  (cost=175.48..1956.92 rows=50 width=22) (actual time=0.702..4.868 rows=50 loops=1)
   Buffers: shared hit=2005
   ->  Limit  (cost=0.00..0.81 rows=10 width=528) (actual time=0.004..0.007 rows=10 loops=1)
         Buffers: shared hit=2
         ->  Seq Scan on sift_query  (cost=0.00..815.00 rows=10000 width=528) (actual time=0.004..0.005 rows=10 loops=1)
               Buffers: shared hit=2
   ->  Limit  (cost=175.48..195.51 rows=5 width=22) (actual time=0.459..0.485 rows=5 loops=10)
         Buffers: shared hit=2003
         ->  Index Scan using sift_base_v_ivfflat on sift_base b  (cost=175.48..480484.28 rows=119912 width=22) (actual time=0.459..0.483 rows=5 loops=10)
               Order By: (v <-> sift_query.v)
               Filter: ((price >= 100) AND (price <= 500) AND (category = ANY ('{3,5,7}'::integer[])))
               Rows Removed by Filter: 31
               Buffers: shared hit=2003
 Planning:
   Buffers: shared hit=393
 Planning Time: 1.175 ms
 Execution Time: 4.925 ms
(17 rows)

================ RUN 34 ================
                                                                        QUERY PLAN                                                                         
-----------------------------------------------------------------------------------------------------------------------------------------------------------
 Nested Loop  (cost=175.48..1956.92 rows=50 width=22) (actual time=0.705..4.962 rows=50 loops=1)
   Buffers: shared hit=2005
   ->  Limit  (cost=0.00..0.81 rows=10 width=528) (actual time=0.004..0.007 rows=10 loops=1)
         Buffers: shared hit=2
         ->  Seq Scan on sift_query  (cost=0.00..815.00 rows=10000 width=528) (actual time=0.004..0.005 rows=10 loops=1)
               Buffers: shared hit=2
   ->  Limit  (cost=175.48..195.51 rows=5 width=22) (actual time=0.469..0.494 rows=5 loops=10)
         Buffers: shared hit=2003
         ->  Index Scan using sift_base_v_ivfflat on sift_base b  (cost=175.48..480484.28 rows=119912 width=22) (actual time=0.468..0.493 rows=5 loops=10)
               Order By: (v <-> sift_query.v)
               Filter: ((price >= 100) AND (price <= 500) AND (category = ANY ('{3,5,7}'::integer[])))
               Rows Removed by Filter: 31
               Buffers: shared hit=2003
 Planning:
   Buffers: shared hit=393
 Planning Time: 1.165 ms
 Execution Time: 5.018 ms
(17 rows)

================ RUN 35 ================
                                                                        QUERY PLAN                                                                         
-----------------------------------------------------------------------------------------------------------------------------------------------------------
 Nested Loop  (cost=175.48..1956.92 rows=50 width=22) (actual time=0.690..4.867 rows=50 loops=1)
   Buffers: shared hit=2005
   ->  Limit  (cost=0.00..0.81 rows=10 width=528) (actual time=0.004..0.007 rows=10 loops=1)
         Buffers: shared hit=2
         ->  Seq Scan on sift_query  (cost=0.00..815.00 rows=10000 width=528) (actual time=0.004..0.005 rows=10 loops=1)
               Buffers: shared hit=2
   ->  Limit  (cost=175.48..195.51 rows=5 width=22) (actual time=0.459..0.484 rows=5 loops=10)
         Buffers: shared hit=2003
         ->  Index Scan using sift_base_v_ivfflat on sift_base b  (cost=175.48..480484.28 rows=119912 width=22) (actual time=0.459..0.483 rows=5 loops=10)
               Order By: (v <-> sift_query.v)
               Filter: ((price >= 100) AND (price <= 500) AND (category = ANY ('{3,5,7}'::integer[])))
               Rows Removed by Filter: 31
               Buffers: shared hit=2003
 Planning:
   Buffers: shared hit=393
 Planning Time: 1.161 ms
 Execution Time: 4.937 ms
(17 rows)

================ RUN 36 ================
                                                                        QUERY PLAN                                                                         
-----------------------------------------------------------------------------------------------------------------------------------------------------------
 Nested Loop  (cost=175.48..1956.92 rows=50 width=22) (actual time=0.659..4.773 rows=50 loops=1)
   Buffers: shared hit=2005
   ->  Limit  (cost=0.00..0.81 rows=10 width=528) (actual time=0.004..0.007 rows=10 loops=1)
         Buffers: shared hit=2
         ->  Seq Scan on sift_query  (cost=0.00..815.00 rows=10000 width=528) (actual time=0.004..0.005 rows=10 loops=1)
               Buffers: shared hit=2
   ->  Limit  (cost=175.48..195.51 rows=5 width=22) (actual time=0.450..0.475 rows=5 loops=10)
         Buffers: shared hit=2003
         ->  Index Scan using sift_base_v_ivfflat on sift_base b  (cost=175.48..480484.28 rows=119912 width=22) (actual time=0.450..0.474 rows=5 loops=10)
               Order By: (v <-> sift_query.v)
               Filter: ((price >= 100) AND (price <= 500) AND (category = ANY ('{3,5,7}'::integer[])))
               Rows Removed by Filter: 31
               Buffers: shared hit=2003
 Planning:
   Buffers: shared hit=393
 Planning Time: 1.163 ms
 Execution Time: 4.830 ms
(17 rows)

================ RUN 37 ================
                                                                        QUERY PLAN                                                                         
-----------------------------------------------------------------------------------------------------------------------------------------------------------
 Nested Loop  (cost=175.48..1956.92 rows=50 width=22) (actual time=0.629..4.643 rows=50 loops=1)
   Buffers: shared hit=2005
   ->  Limit  (cost=0.00..0.81 rows=10 width=528) (actual time=0.004..0.007 rows=10 loops=1)
         Buffers: shared hit=2
         ->  Seq Scan on sift_query  (cost=0.00..815.00 rows=10000 width=528) (actual time=0.003..0.005 rows=10 loops=1)
               Buffers: shared hit=2
   ->  Limit  (cost=175.48..195.51 rows=5 width=22) (actual time=0.440..0.462 rows=5 loops=10)
         Buffers: shared hit=2003
         ->  Index Scan using sift_base_v_ivfflat on sift_base b  (cost=175.48..480484.28 rows=119912 width=22) (actual time=0.439..0.461 rows=5 loops=10)
               Order By: (v <-> sift_query.v)
               Filter: ((price >= 100) AND (price <= 500) AND (category = ANY ('{3,5,7}'::integer[])))
               Rows Removed by Filter: 31
               Buffers: shared hit=2003
 Planning:
   Buffers: shared hit=393
 Planning Time: 1.043 ms
 Execution Time: 4.693 ms
(17 rows)

================ RUN 38 ================
                                                                        QUERY PLAN                                                                         
-----------------------------------------------------------------------------------------------------------------------------------------------------------
 Nested Loop  (cost=175.48..1956.92 rows=50 width=22) (actual time=0.693..4.867 rows=50 loops=1)
   Buffers: shared hit=2005
   ->  Limit  (cost=0.00..0.81 rows=10 width=528) (actual time=0.004..0.009 rows=10 loops=1)
         Buffers: shared hit=2
         ->  Seq Scan on sift_query  (cost=0.00..815.00 rows=10000 width=528) (actual time=0.004..0.006 rows=10 loops=1)
               Buffers: shared hit=2
   ->  Limit  (cost=175.48..195.51 rows=5 width=22) (actual time=0.459..0.484 rows=5 loops=10)
         Buffers: shared hit=2003
         ->  Index Scan using sift_base_v_ivfflat on sift_base b  (cost=175.48..480484.28 rows=119912 width=22) (actual time=0.459..0.483 rows=5 loops=10)
               Order By: (v <-> sift_query.v)
               Filter: ((price >= 100) AND (price <= 500) AND (category = ANY ('{3,5,7}'::integer[])))
               Rows Removed by Filter: 31
               Buffers: shared hit=2003
 Planning:
   Buffers: shared hit=393
 Planning Time: 1.141 ms
 Execution Time: 4.923 ms
(17 rows)

================ RUN 39 ================
                                                                        QUERY PLAN                                                                         
-----------------------------------------------------------------------------------------------------------------------------------------------------------
 Nested Loop  (cost=175.48..1956.92 rows=50 width=22) (actual time=0.621..4.637 rows=50 loops=1)
   Buffers: shared hit=2005
   ->  Limit  (cost=0.00..0.81 rows=10 width=528) (actual time=0.004..0.007 rows=10 loops=1)
         Buffers: shared hit=2
         ->  Seq Scan on sift_query  (cost=0.00..815.00 rows=10000 width=528) (actual time=0.004..0.005 rows=10 loops=1)
               Buffers: shared hit=2
   ->  Limit  (cost=175.48..195.51 rows=5 width=22) (actual time=0.439..0.462 rows=5 loops=10)
         Buffers: shared hit=2003
         ->  Index Scan using sift_base_v_ivfflat on sift_base b  (cost=175.48..480484.28 rows=119912 width=22) (actual time=0.438..0.460 rows=5 loops=10)
               Order By: (v <-> sift_query.v)
               Filter: ((price >= 100) AND (price <= 500) AND (category = ANY ('{3,5,7}'::integer[])))
               Rows Removed by Filter: 31
               Buffers: shared hit=2003
 Planning:
   Buffers: shared hit=393
 Planning Time: 1.049 ms
 Execution Time: 4.689 ms
(17 rows)

================ RUN 40 ================
                                                                        QUERY PLAN                                                                         
-----------------------------------------------------------------------------------------------------------------------------------------------------------
 Nested Loop  (cost=175.48..1956.92 rows=50 width=22) (actual time=0.667..4.841 rows=50 loops=1)
   Buffers: shared hit=2005
   ->  Limit  (cost=0.00..0.81 rows=10 width=528) (actual time=0.004..0.008 rows=10 loops=1)
         Buffers: shared hit=2
         ->  Seq Scan on sift_query  (cost=0.00..815.00 rows=10000 width=528) (actual time=0.004..0.006 rows=10 loops=1)
               Buffers: shared hit=2
   ->  Limit  (cost=175.48..195.51 rows=5 width=22) (actual time=0.457..0.482 rows=5 loops=10)
         Buffers: shared hit=2003
         ->  Index Scan using sift_base_v_ivfflat on sift_base b  (cost=175.48..480484.28 rows=119912 width=22) (actual time=0.456..0.481 rows=5 loops=10)
               Order By: (v <-> sift_query.v)
               Filter: ((price >= 100) AND (price <= 500) AND (category = ANY ('{3,5,7}'::integer[])))
               Rows Removed by Filter: 31
               Buffers: shared hit=2003
 Planning:
   Buffers: shared hit=393
 Planning Time: 1.152 ms
 Execution Time: 4.897 ms
(17 rows)

================ RUN 41 ================
                                                                        QUERY PLAN                                                                         
-----------------------------------------------------------------------------------------------------------------------------------------------------------
 Nested Loop  (cost=175.48..1956.92 rows=50 width=22) (actual time=0.690..4.885 rows=50 loops=1)
   Buffers: shared hit=2005
   ->  Limit  (cost=0.00..0.81 rows=10 width=528) (actual time=0.004..0.007 rows=10 loops=1)
         Buffers: shared hit=2
         ->  Seq Scan on sift_query  (cost=0.00..815.00 rows=10000 width=528) (actual time=0.004..0.005 rows=10 loops=1)
               Buffers: shared hit=2
   ->  Limit  (cost=175.48..195.51 rows=5 width=22) (actual time=0.460..0.486 rows=5 loops=10)
         Buffers: shared hit=2003
         ->  Index Scan using sift_base_v_ivfflat on sift_base b  (cost=175.48..480484.28 rows=119912 width=22) (actual time=0.460..0.485 rows=5 loops=10)
               Order By: (v <-> sift_query.v)
               Filter: ((price >= 100) AND (price <= 500) AND (category = ANY ('{3,5,7}'::integer[])))
               Rows Removed by Filter: 31
               Buffers: shared hit=2003
 Planning:
   Buffers: shared hit=393
 Planning Time: 1.140 ms
 Execution Time: 4.940 ms
(17 rows)

================ RUN 42 ================
                                                                        QUERY PLAN                                                                         
-----------------------------------------------------------------------------------------------------------------------------------------------------------
 Nested Loop  (cost=175.48..1956.92 rows=50 width=22) (actual time=0.681..4.865 rows=50 loops=1)
   Buffers: shared hit=2005
   ->  Limit  (cost=0.00..0.81 rows=10 width=528) (actual time=0.004..0.007 rows=10 loops=1)
         Buffers: shared hit=2
         ->  Seq Scan on sift_query  (cost=0.00..815.00 rows=10000 width=528) (actual time=0.004..0.005 rows=10 loops=1)
               Buffers: shared hit=2
   ->  Limit  (cost=175.48..195.51 rows=5 width=22) (actual time=0.459..0.484 rows=5 loops=10)
         Buffers: shared hit=2003
         ->  Index Scan using sift_base_v_ivfflat on sift_base b  (cost=175.48..480484.28 rows=119912 width=22) (actual time=0.458..0.483 rows=5 loops=10)
               Order By: (v <-> sift_query.v)
               Filter: ((price >= 100) AND (price <= 500) AND (category = ANY ('{3,5,7}'::integer[])))
               Rows Removed by Filter: 31
               Buffers: shared hit=2003
 Planning:
   Buffers: shared hit=393
 Planning Time: 1.167 ms
 Execution Time: 4.923 ms
(17 rows)

================ RUN 43 ================
                                                                        QUERY PLAN                                                                         
-----------------------------------------------------------------------------------------------------------------------------------------------------------
 Nested Loop  (cost=175.48..1956.92 rows=50 width=22) (actual time=0.699..4.910 rows=50 loops=1)
   Buffers: shared hit=2005
   ->  Limit  (cost=0.00..0.81 rows=10 width=528) (actual time=0.004..0.008 rows=10 loops=1)
         Buffers: shared hit=2
         ->  Seq Scan on sift_query  (cost=0.00..815.00 rows=10000 width=528) (actual time=0.004..0.005 rows=10 loops=1)
               Buffers: shared hit=2
   ->  Limit  (cost=175.48..195.51 rows=5 width=22) (actual time=0.463..0.488 rows=5 loops=10)
         Buffers: shared hit=2003
         ->  Index Scan using sift_base_v_ivfflat on sift_base b  (cost=175.48..480484.28 rows=119912 width=22) (actual time=0.463..0.487 rows=5 loops=10)
               Order By: (v <-> sift_query.v)
               Filter: ((price >= 100) AND (price <= 500) AND (category = ANY ('{3,5,7}'::integer[])))
               Rows Removed by Filter: 31
               Buffers: shared hit=2003
 Planning:
   Buffers: shared hit=393
 Planning Time: 1.153 ms
 Execution Time: 4.969 ms
(17 rows)

================ RUN 44 ================
                                                                        QUERY PLAN                                                                         
-----------------------------------------------------------------------------------------------------------------------------------------------------------
 Nested Loop  (cost=175.48..1956.92 rows=50 width=22) (actual time=0.698..4.879 rows=50 loops=1)
   Buffers: shared hit=2005
   ->  Limit  (cost=0.00..0.81 rows=10 width=528) (actual time=0.004..0.007 rows=10 loops=1)
         Buffers: shared hit=2
         ->  Seq Scan on sift_query  (cost=0.00..815.00 rows=10000 width=528) (actual time=0.004..0.005 rows=10 loops=1)
               Buffers: shared hit=2
   ->  Limit  (cost=175.48..195.51 rows=5 width=22) (actual time=0.460..0.486 rows=5 loops=10)
         Buffers: shared hit=2003
         ->  Index Scan using sift_base_v_ivfflat on sift_base b  (cost=175.48..480484.28 rows=119912 width=22) (actual time=0.460..0.484 rows=5 loops=10)
               Order By: (v <-> sift_query.v)
               Filter: ((price >= 100) AND (price <= 500) AND (category = ANY ('{3,5,7}'::integer[])))
               Rows Removed by Filter: 31
               Buffers: shared hit=2003
 Planning:
   Buffers: shared hit=393
 Planning Time: 1.144 ms
 Execution Time: 4.937 ms
(17 rows)

================ RUN 45 ================
                                                                        QUERY PLAN                                                                         
-----------------------------------------------------------------------------------------------------------------------------------------------------------
 Nested Loop  (cost=175.48..1956.92 rows=50 width=22) (actual time=0.672..4.864 rows=50 loops=1)
   Buffers: shared hit=2005
   ->  Limit  (cost=0.00..0.81 rows=10 width=528) (actual time=0.004..0.007 rows=10 loops=1)
         Buffers: shared hit=2
         ->  Seq Scan on sift_query  (cost=0.00..815.00 rows=10000 width=528) (actual time=0.004..0.005 rows=10 loops=1)
               Buffers: shared hit=2
   ->  Limit  (cost=175.48..195.51 rows=5 width=22) (actual time=0.459..0.484 rows=5 loops=10)
         Buffers: shared hit=2003
         ->  Index Scan using sift_base_v_ivfflat on sift_base b  (cost=175.48..480484.28 rows=119912 width=22) (actual time=0.458..0.483 rows=5 loops=10)
               Order By: (v <-> sift_query.v)
               Filter: ((price >= 100) AND (price <= 500) AND (category = ANY ('{3,5,7}'::integer[])))
               Rows Removed by Filter: 31
               Buffers: shared hit=2003
 Planning:
   Buffers: shared hit=393
 Planning Time: 1.160 ms
 Execution Time: 4.920 ms
(17 rows)

================ RUN 46 ================
                                                                        QUERY PLAN                                                                         
-----------------------------------------------------------------------------------------------------------------------------------------------------------
 Nested Loop  (cost=175.48..1956.92 rows=50 width=22) (actual time=0.659..4.787 rows=50 loops=1)
   Buffers: shared hit=2005
   ->  Limit  (cost=0.00..0.81 rows=10 width=528) (actual time=0.004..0.007 rows=10 loops=1)
         Buffers: shared hit=2
         ->  Seq Scan on sift_query  (cost=0.00..815.00 rows=10000 width=528) (actual time=0.003..0.005 rows=10 loops=1)
               Buffers: shared hit=2
   ->  Limit  (cost=175.48..195.51 rows=5 width=22) (actual time=0.452..0.477 rows=5 loops=10)
         Buffers: shared hit=2003
         ->  Index Scan using sift_base_v_ivfflat on sift_base b  (cost=175.48..480484.28 rows=119912 width=22) (actual time=0.452..0.475 rows=5 loops=10)
               Order By: (v <-> sift_query.v)
               Filter: ((price >= 100) AND (price <= 500) AND (category = ANY ('{3,5,7}'::integer[])))
               Rows Removed by Filter: 31
               Buffers: shared hit=2003
 Planning:
   Buffers: shared hit=393
 Planning Time: 1.131 ms
 Execution Time: 4.839 ms
(17 rows)

================ RUN 47 ================
                                                                        QUERY PLAN                                                                         
-----------------------------------------------------------------------------------------------------------------------------------------------------------
 Nested Loop  (cost=175.48..1956.92 rows=50 width=22) (actual time=0.621..4.588 rows=50 loops=1)
   Buffers: shared hit=2005
   ->  Limit  (cost=0.00..0.81 rows=10 width=528) (actual time=0.004..0.006 rows=10 loops=1)
         Buffers: shared hit=2
         ->  Seq Scan on sift_query  (cost=0.00..815.00 rows=10000 width=528) (actual time=0.003..0.005 rows=10 loops=1)
               Buffers: shared hit=2
   ->  Limit  (cost=175.48..195.51 rows=5 width=22) (actual time=0.433..0.457 rows=5 loops=10)
         Buffers: shared hit=2003
         ->  Index Scan using sift_base_v_ivfflat on sift_base b  (cost=175.48..480484.28 rows=119912 width=22) (actual time=0.433..0.456 rows=5 loops=10)
               Order By: (v <-> sift_query.v)
               Filter: ((price >= 100) AND (price <= 500) AND (category = ANY ('{3,5,7}'::integer[])))
               Rows Removed by Filter: 31
               Buffers: shared hit=2003
 Planning:
   Buffers: shared hit=393
 Planning Time: 1.037 ms
 Execution Time: 4.638 ms
(17 rows)

================ RUN 48 ================
                                                                        QUERY PLAN                                                                         
-----------------------------------------------------------------------------------------------------------------------------------------------------------
 Nested Loop  (cost=175.48..1956.92 rows=50 width=22) (actual time=0.698..4.921 rows=50 loops=1)
   Buffers: shared hit=2005
   ->  Limit  (cost=0.00..0.81 rows=10 width=528) (actual time=0.004..0.008 rows=10 loops=1)
         Buffers: shared hit=2
         ->  Seq Scan on sift_query  (cost=0.00..815.00 rows=10000 width=528) (actual time=0.004..0.005 rows=10 loops=1)
               Buffers: shared hit=2
   ->  Limit  (cost=175.48..195.51 rows=5 width=22) (actual time=0.464..0.490 rows=5 loops=10)
         Buffers: shared hit=2003
         ->  Index Scan using sift_base_v_ivfflat on sift_base b  (cost=175.48..480484.28 rows=119912 width=22) (actual time=0.463..0.488 rows=5 loops=10)
               Order By: (v <-> sift_query.v)
               Filter: ((price >= 100) AND (price <= 500) AND (category = ANY ('{3,5,7}'::integer[])))
               Rows Removed by Filter: 31
               Buffers: shared hit=2003
 Planning:
   Buffers: shared hit=393
 Planning Time: 1.167 ms
 Execution Time: 4.978 ms
(17 rows)

================ RUN 49 ================
                                                                        QUERY PLAN                                                                         
-----------------------------------------------------------------------------------------------------------------------------------------------------------
 Nested Loop  (cost=175.48..1956.92 rows=50 width=22) (actual time=0.687..4.837 rows=50 loops=1)
   Buffers: shared hit=2005
   ->  Limit  (cost=0.00..0.81 rows=10 width=528) (actual time=0.004..0.007 rows=10 loops=1)
         Buffers: shared hit=2
         ->  Seq Scan on sift_query  (cost=0.00..815.00 rows=10000 width=528) (actual time=0.004..0.005 rows=10 loops=1)
               Buffers: shared hit=2
   ->  Limit  (cost=175.48..195.51 rows=5 width=22) (actual time=0.457..0.482 rows=5 loops=10)
         Buffers: shared hit=2003
         ->  Index Scan using sift_base_v_ivfflat on sift_base b  (cost=175.48..480484.28 rows=119912 width=22) (actual time=0.456..0.481 rows=5 loops=10)
               Order By: (v <-> sift_query.v)
               Filter: ((price >= 100) AND (price <= 500) AND (category = ANY ('{3,5,7}'::integer[])))
               Rows Removed by Filter: 31
               Buffers: shared hit=2003
 Planning:
   Buffers: shared hit=393
 Planning Time: 1.130 ms
 Execution Time: 4.895 ms
(17 rows)

================ RUN 50 ================
                                                                        QUERY PLAN                                                                         
-----------------------------------------------------------------------------------------------------------------------------------------------------------
 Nested Loop  (cost=175.48..1956.92 rows=50 width=22) (actual time=0.633..4.709 rows=50 loops=1)
   Buffers: shared hit=2005
   ->  Limit  (cost=0.00..0.81 rows=10 width=528) (actual time=0.004..0.007 rows=10 loops=1)
         Buffers: shared hit=2
         ->  Seq Scan on sift_query  (cost=0.00..815.00 rows=10000 width=528) (actual time=0.003..0.005 rows=10 loops=1)
               Buffers: shared hit=2
   ->  Limit  (cost=175.48..195.51 rows=5 width=22) (actual time=0.443..0.469 rows=5 loops=10)
         Buffers: shared hit=2003
         ->  Index Scan using sift_base_v_ivfflat on sift_base b  (cost=175.48..480484.28 rows=119912 width=22) (actual time=0.443..0.468 rows=5 loops=10)
               Order By: (v <-> sift_query.v)
               Filter: ((price >= 100) AND (price <= 500) AND (category = ANY ('{3,5,7}'::integer[])))
               Rows Removed by Filter: 31
               Buffers: shared hit=2003
 Planning:
   Buffers: shared hit=393
 Planning Time: 1.058 ms
 Execution Time: 4.761 ms
(17 rows)

================ RUN 51 ================
                                                                        QUERY PLAN                                                                         
-----------------------------------------------------------------------------------------------------------------------------------------------------------
 Nested Loop  (cost=175.48..1956.92 rows=50 width=22) (actual time=0.693..4.853 rows=50 loops=1)
   Buffers: shared hit=2005
   ->  Limit  (cost=0.00..0.81 rows=10 width=528) (actual time=0.004..0.008 rows=10 loops=1)
         Buffers: shared hit=2
         ->  Seq Scan on sift_query  (cost=0.00..815.00 rows=10000 width=528) (actual time=0.004..0.005 rows=10 loops=1)
               Buffers: shared hit=2
   ->  Limit  (cost=175.48..195.51 rows=5 width=22) (actual time=0.458..0.483 rows=5 loops=10)
         Buffers: shared hit=2003
         ->  Index Scan using sift_base_v_ivfflat on sift_base b  (cost=175.48..480484.28 rows=119912 width=22) (actual time=0.457..0.482 rows=5 loops=10)
               Order By: (v <-> sift_query.v)
               Filter: ((price >= 100) AND (price <= 500) AND (category = ANY ('{3,5,7}'::integer[])))
               Rows Removed by Filter: 31
               Buffers: shared hit=2003
 Planning:
   Buffers: shared hit=393
 Planning Time: 1.152 ms
 Execution Time: 4.908 ms
(17 rows)

================ RUN 52 ================
                                                                        QUERY PLAN                                                                         
-----------------------------------------------------------------------------------------------------------------------------------------------------------
 Nested Loop  (cost=175.48..1956.92 rows=50 width=22) (actual time=0.702..4.990 rows=50 loops=1)
   Buffers: shared hit=2005
   ->  Limit  (cost=0.00..0.81 rows=10 width=528) (actual time=0.004..0.008 rows=10 loops=1)
         Buffers: shared hit=2
         ->  Seq Scan on sift_query  (cost=0.00..815.00 rows=10000 width=528) (actual time=0.004..0.005 rows=10 loops=1)
               Buffers: shared hit=2
   ->  Limit  (cost=175.48..195.51 rows=5 width=22) (actual time=0.470..0.496 rows=5 loops=10)
         Buffers: shared hit=2003
         ->  Index Scan using sift_base_v_ivfflat on sift_base b  (cost=175.48..480484.28 rows=119912 width=22) (actual time=0.470..0.495 rows=5 loops=10)
               Order By: (v <-> sift_query.v)
               Filter: ((price >= 100) AND (price <= 500) AND (category = ANY ('{3,5,7}'::integer[])))
               Rows Removed by Filter: 31
               Buffers: shared hit=2003
 Planning:
   Buffers: shared hit=393
 Planning Time: 1.184 ms
 Execution Time: 5.047 ms
(17 rows)

================ RUN 53 ================
                                                                        QUERY PLAN                                                                         
-----------------------------------------------------------------------------------------------------------------------------------------------------------
 Nested Loop  (cost=175.48..1956.92 rows=50 width=22) (actual time=0.674..4.841 rows=50 loops=1)
   Buffers: shared hit=2005
   ->  Limit  (cost=0.00..0.81 rows=10 width=528) (actual time=0.004..0.007 rows=10 loops=1)
         Buffers: shared hit=2
         ->  Seq Scan on sift_query  (cost=0.00..815.00 rows=10000 width=528) (actual time=0.004..0.005 rows=10 loops=1)
               Buffers: shared hit=2
   ->  Limit  (cost=175.48..195.51 rows=5 width=22) (actual time=0.456..0.482 rows=5 loops=10)
         Buffers: shared hit=2003
         ->  Index Scan using sift_base_v_ivfflat on sift_base b  (cost=175.48..480484.28 rows=119912 width=22) (actual time=0.456..0.481 rows=5 loops=10)
               Order By: (v <-> sift_query.v)
               Filter: ((price >= 100) AND (price <= 500) AND (category = ANY ('{3,5,7}'::integer[])))
               Rows Removed by Filter: 31
               Buffers: shared hit=2003
 Planning:
   Buffers: shared hit=393
 Planning Time: 1.134 ms
 Execution Time: 4.894 ms
(17 rows)

================ RUN 54 ================
                                                                        QUERY PLAN                                                                         
-----------------------------------------------------------------------------------------------------------------------------------------------------------
 Nested Loop  (cost=175.48..1956.92 rows=50 width=22) (actual time=0.640..4.732 rows=50 loops=1)
   Buffers: shared hit=2005
   ->  Limit  (cost=0.00..0.81 rows=10 width=528) (actual time=0.004..0.007 rows=10 loops=1)
         Buffers: shared hit=2
         ->  Seq Scan on sift_query  (cost=0.00..815.00 rows=10000 width=528) (actual time=0.003..0.005 rows=10 loops=1)
               Buffers: shared hit=2
   ->  Limit  (cost=175.48..195.51 rows=5 width=22) (actual time=0.447..0.471 rows=5 loops=10)
         Buffers: shared hit=2003
         ->  Index Scan using sift_base_v_ivfflat on sift_base b  (cost=175.48..480484.28 rows=119912 width=22) (actual time=0.446..0.470 rows=5 loops=10)
               Order By: (v <-> sift_query.v)
               Filter: ((price >= 100) AND (price <= 500) AND (category = ANY ('{3,5,7}'::integer[])))
               Rows Removed by Filter: 31
               Buffers: shared hit=2003
 Planning:
   Buffers: shared hit=393
 Planning Time: 1.056 ms
 Execution Time: 4.787 ms
(17 rows)

================ RUN 55 ================
                                                                        QUERY PLAN                                                                         
-----------------------------------------------------------------------------------------------------------------------------------------------------------
 Nested Loop  (cost=175.48..1956.92 rows=50 width=22) (actual time=0.693..4.894 rows=50 loops=1)
   Buffers: shared hit=2005
   ->  Limit  (cost=0.00..0.81 rows=10 width=528) (actual time=0.004..0.007 rows=10 loops=1)
         Buffers: shared hit=2
         ->  Seq Scan on sift_query  (cost=0.00..815.00 rows=10000 width=528) (actual time=0.004..0.005 rows=10 loops=1)
               Buffers: shared hit=2
   ->  Limit  (cost=175.48..195.51 rows=5 width=22) (actual time=0.462..0.487 rows=5 loops=10)
         Buffers: shared hit=2003
         ->  Index Scan using sift_base_v_ivfflat on sift_base b  (cost=175.48..480484.28 rows=119912 width=22) (actual time=0.461..0.486 rows=5 loops=10)
               Order By: (v <-> sift_query.v)
               Filter: ((price >= 100) AND (price <= 500) AND (category = ANY ('{3,5,7}'::integer[])))
               Rows Removed by Filter: 31
               Buffers: shared hit=2003
 Planning:
   Buffers: shared hit=393
 Planning Time: 1.155 ms
 Execution Time: 4.950 ms
(17 rows)

================ RUN 56 ================
                                                                        QUERY PLAN                                                                         
-----------------------------------------------------------------------------------------------------------------------------------------------------------
 Nested Loop  (cost=175.48..1956.92 rows=50 width=22) (actual time=0.695..4.835 rows=50 loops=1)
   Buffers: shared hit=2005
   ->  Limit  (cost=0.00..0.81 rows=10 width=528) (actual time=0.004..0.007 rows=10 loops=1)
         Buffers: shared hit=2
         ->  Seq Scan on sift_query  (cost=0.00..815.00 rows=10000 width=528) (actual time=0.004..0.005 rows=10 loops=1)
               Buffers: shared hit=2
   ->  Limit  (cost=175.48..195.51 rows=5 width=22) (actual time=0.456..0.481 rows=5 loops=10)
         Buffers: shared hit=2003
         ->  Index Scan using sift_base_v_ivfflat on sift_base b  (cost=175.48..480484.28 rows=119912 width=22) (actual time=0.456..0.480 rows=5 loops=10)
               Order By: (v <-> sift_query.v)
               Filter: ((price >= 100) AND (price <= 500) AND (category = ANY ('{3,5,7}'::integer[])))
               Rows Removed by Filter: 31
               Buffers: shared hit=2003
 Planning:
   Buffers: shared hit=393
 Planning Time: 1.155 ms
 Execution Time: 4.894 ms
(17 rows)

================ RUN 57 ================
                                                                        QUERY PLAN                                                                         
-----------------------------------------------------------------------------------------------------------------------------------------------------------
 Nested Loop  (cost=175.48..1956.92 rows=50 width=22) (actual time=0.680..4.881 rows=50 loops=1)
   Buffers: shared hit=2005
   ->  Limit  (cost=0.00..0.81 rows=10 width=528) (actual time=0.004..0.008 rows=10 loops=1)
         Buffers: shared hit=2
         ->  Seq Scan on sift_query  (cost=0.00..815.00 rows=10000 width=528) (actual time=0.004..0.006 rows=10 loops=1)
               Buffers: shared hit=2
   ->  Limit  (cost=175.48..195.51 rows=5 width=22) (actual time=0.461..0.486 rows=5 loops=10)
         Buffers: shared hit=2003
         ->  Index Scan using sift_base_v_ivfflat on sift_base b  (cost=175.48..480484.28 rows=119912 width=22) (actual time=0.460..0.485 rows=5 loops=10)
               Order By: (v <-> sift_query.v)
               Filter: ((price >= 100) AND (price <= 500) AND (category = ANY ('{3,5,7}'::integer[])))
               Rows Removed by Filter: 31
               Buffers: shared hit=2003
 Planning:
   Buffers: shared hit=393
 Planning Time: 1.145 ms
 Execution Time: 4.938 ms
(17 rows)

================ RUN 58 ================
                                                                        QUERY PLAN                                                                         
-----------------------------------------------------------------------------------------------------------------------------------------------------------
 Nested Loop  (cost=175.48..1956.92 rows=50 width=22) (actual time=0.623..4.687 rows=50 loops=1)
   Buffers: shared hit=2005
   ->  Limit  (cost=0.00..0.81 rows=10 width=528) (actual time=0.004..0.007 rows=10 loops=1)
         Buffers: shared hit=2
         ->  Seq Scan on sift_query  (cost=0.00..815.00 rows=10000 width=528) (actual time=0.003..0.005 rows=10 loops=1)
               Buffers: shared hit=2
   ->  Limit  (cost=175.48..195.51 rows=5 width=22) (actual time=0.439..0.463 rows=5 loops=10)
         Buffers: shared hit=2003
         ->  Index Scan using sift_base_v_ivfflat on sift_base b  (cost=175.48..480484.28 rows=119912 width=22) (actual time=0.439..0.462 rows=5 loops=10)
               Order By: (v <-> sift_query.v)
               Filter: ((price >= 100) AND (price <= 500) AND (category = ANY ('{3,5,7}'::integer[])))
               Rows Removed by Filter: 31
               Buffers: shared hit=2003
 Planning:
   Buffers: shared hit=393
 Planning Time: 1.042 ms
 Execution Time: 4.738 ms
(17 rows)

================ RUN 59 ================
                                                                        QUERY PLAN                                                                         
-----------------------------------------------------------------------------------------------------------------------------------------------------------
 Nested Loop  (cost=175.48..1956.92 rows=50 width=22) (actual time=0.667..4.849 rows=50 loops=1)
   Buffers: shared hit=2005
   ->  Limit  (cost=0.00..0.81 rows=10 width=528) (actual time=0.004..0.007 rows=10 loops=1)
         Buffers: shared hit=2
         ->  Seq Scan on sift_query  (cost=0.00..815.00 rows=10000 width=528) (actual time=0.003..0.005 rows=10 loops=1)
               Buffers: shared hit=2
   ->  Limit  (cost=175.48..195.51 rows=5 width=22) (actual time=0.457..0.483 rows=5 loops=10)
         Buffers: shared hit=2003
         ->  Index Scan using sift_base_v_ivfflat on sift_base b  (cost=175.48..480484.28 rows=119912 width=22) (actual time=0.457..0.482 rows=5 loops=10)
               Order By: (v <-> sift_query.v)
               Filter: ((price >= 100) AND (price <= 500) AND (category = ANY ('{3,5,7}'::integer[])))
               Rows Removed by Filter: 31
               Buffers: shared hit=2003
 Planning:
   Buffers: shared hit=393
 Planning Time: 1.138 ms
 Execution Time: 4.904 ms
(17 rows)

================ RUN 60 ================
                                                                        QUERY PLAN                                                                         
-----------------------------------------------------------------------------------------------------------------------------------------------------------
 Nested Loop  (cost=175.48..1956.92 rows=50 width=22) (actual time=0.629..4.632 rows=50 loops=1)
   Buffers: shared hit=2005
   ->  Limit  (cost=0.00..0.81 rows=10 width=528) (actual time=0.004..0.007 rows=10 loops=1)
         Buffers: shared hit=2
         ->  Seq Scan on sift_query  (cost=0.00..815.00 rows=10000 width=528) (actual time=0.003..0.005 rows=10 loops=1)
               Buffers: shared hit=2
   ->  Limit  (cost=175.48..195.51 rows=5 width=22) (actual time=0.438..0.461 rows=5 loops=10)
         Buffers: shared hit=2003
         ->  Index Scan using sift_base_v_ivfflat on sift_base b  (cost=175.48..480484.28 rows=119912 width=22) (actual time=0.437..0.460 rows=5 loops=10)
               Order By: (v <-> sift_query.v)
               Filter: ((price >= 100) AND (price <= 500) AND (category = ANY ('{3,5,7}'::integer[])))
               Rows Removed by Filter: 31
               Buffers: shared hit=2003
 Planning:
   Buffers: shared hit=393
 Planning Time: 1.046 ms
 Execution Time: 4.684 ms
(17 rows)

================ RUN 61 ================
                                                                        QUERY PLAN                                                                         
-----------------------------------------------------------------------------------------------------------------------------------------------------------
 Nested Loop  (cost=175.48..1956.92 rows=50 width=22) (actual time=0.667..4.870 rows=50 loops=1)
   Buffers: shared hit=2005
   ->  Limit  (cost=0.00..0.81 rows=10 width=528) (actual time=0.004..0.007 rows=10 loops=1)
         Buffers: shared hit=2
         ->  Seq Scan on sift_query  (cost=0.00..815.00 rows=10000 width=528) (actual time=0.004..0.005 rows=10 loops=1)
               Buffers: shared hit=2
   ->  Limit  (cost=175.48..195.51 rows=5 width=22) (actual time=0.459..0.485 rows=5 loops=10)
         Buffers: shared hit=2003
         ->  Index Scan using sift_base_v_ivfflat on sift_base b  (cost=175.48..480484.28 rows=119912 width=22) (actual time=0.458..0.484 rows=5 loops=10)
               Order By: (v <-> sift_query.v)
               Filter: ((price >= 100) AND (price <= 500) AND (category = ANY ('{3,5,7}'::integer[])))
               Rows Removed by Filter: 31
               Buffers: shared hit=2003
 Planning:
   Buffers: shared hit=393
 Planning Time: 1.162 ms
 Execution Time: 4.926 ms
(17 rows)

================ RUN 62 ================
                                                                        QUERY PLAN                                                                         
-----------------------------------------------------------------------------------------------------------------------------------------------------------
 Nested Loop  (cost=175.48..1956.92 rows=50 width=22) (actual time=0.810..5.673 rows=50 loops=1)
   Buffers: shared hit=2005
   ->  Limit  (cost=0.00..0.81 rows=10 width=528) (actual time=0.005..0.009 rows=10 loops=1)
         Buffers: shared hit=2
         ->  Seq Scan on sift_query  (cost=0.00..815.00 rows=10000 width=528) (actual time=0.004..0.007 rows=10 loops=1)
               Buffers: shared hit=2
   ->  Limit  (cost=175.48..195.51 rows=5 width=22) (actual time=0.530..0.565 rows=5 loops=10)
         Buffers: shared hit=2003
         ->  Index Scan using sift_base_v_ivfflat on sift_base b  (cost=175.48..480484.28 rows=119912 width=22) (actual time=0.529..0.563 rows=5 loops=10)
               Order By: (v <-> sift_query.v)
               Filter: ((price >= 100) AND (price <= 500) AND (category = ANY ('{3,5,7}'::integer[])))
               Rows Removed by Filter: 31
               Buffers: shared hit=2003
 Planning:
   Buffers: shared hit=393
 Planning Time: 1.333 ms
 Execution Time: 5.736 ms
(17 rows)

================ RUN 63 ================
                                                                        QUERY PLAN                                                                         
-----------------------------------------------------------------------------------------------------------------------------------------------------------
 Nested Loop  (cost=175.48..1956.92 rows=50 width=22) (actual time=0.779..5.459 rows=50 loops=1)
   Buffers: shared hit=2005
   ->  Limit  (cost=0.00..0.81 rows=10 width=528) (actual time=0.004..0.008 rows=10 loops=1)
         Buffers: shared hit=2
         ->  Seq Scan on sift_query  (cost=0.00..815.00 rows=10000 width=528) (actual time=0.003..0.006 rows=10 loops=1)
               Buffers: shared hit=2
   ->  Limit  (cost=175.48..195.51 rows=5 width=22) (actual time=0.511..0.543 rows=5 loops=10)
         Buffers: shared hit=2003
         ->  Index Scan using sift_base_v_ivfflat on sift_base b  (cost=175.48..480484.28 rows=119912 width=22) (actual time=0.510..0.542 rows=5 loops=10)
               Order By: (v <-> sift_query.v)
               Filter: ((price >= 100) AND (price <= 500) AND (category = ANY ('{3,5,7}'::integer[])))
               Rows Removed by Filter: 31
               Buffers: shared hit=2003
 Planning:
   Buffers: shared hit=393
 Planning Time: 1.146 ms
 Execution Time: 5.514 ms
(17 rows)

================ RUN 64 ================
                                                                        QUERY PLAN                                                                         
-----------------------------------------------------------------------------------------------------------------------------------------------------------
 Nested Loop  (cost=175.48..1956.92 rows=50 width=22) (actual time=0.706..5.015 rows=50 loops=1)
   Buffers: shared hit=2005
   ->  Limit  (cost=0.00..0.81 rows=10 width=528) (actual time=0.004..0.007 rows=10 loops=1)
         Buffers: shared hit=2
         ->  Seq Scan on sift_query  (cost=0.00..815.00 rows=10000 width=528) (actual time=0.004..0.005 rows=10 loops=1)
               Buffers: shared hit=2
   ->  Limit  (cost=175.48..195.51 rows=5 width=22) (actual time=0.473..0.499 rows=5 loops=10)
         Buffers: shared hit=2003
         ->  Index Scan using sift_base_v_ivfflat on sift_base b  (cost=175.48..480484.28 rows=119912 width=22) (actual time=0.473..0.498 rows=5 loops=10)
               Order By: (v <-> sift_query.v)
               Filter: ((price >= 100) AND (price <= 500) AND (category = ANY ('{3,5,7}'::integer[])))
               Rows Removed by Filter: 31
               Buffers: shared hit=2003
 Planning:
   Buffers: shared hit=393
 Planning Time: 1.170 ms
 Execution Time: 5.071 ms
(17 rows)

================ RUN 65 ================
                                                                        QUERY PLAN                                                                         
-----------------------------------------------------------------------------------------------------------------------------------------------------------
 Nested Loop  (cost=175.48..1956.92 rows=50 width=22) (actual time=0.716..4.952 rows=50 loops=1)
   Buffers: shared hit=2005
   ->  Limit  (cost=0.00..0.81 rows=10 width=528) (actual time=0.004..0.007 rows=10 loops=1)
         Buffers: shared hit=2
         ->  Seq Scan on sift_query  (cost=0.00..815.00 rows=10000 width=528) (actual time=0.004..0.005 rows=10 loops=1)
               Buffers: shared hit=2
   ->  Limit  (cost=175.48..195.51 rows=5 width=22) (actual time=0.468..0.493 rows=5 loops=10)
         Buffers: shared hit=2003
         ->  Index Scan using sift_base_v_ivfflat on sift_base b  (cost=175.48..480484.28 rows=119912 width=22) (actual time=0.467..0.492 rows=5 loops=10)
               Order By: (v <-> sift_query.v)
               Filter: ((price >= 100) AND (price <= 500) AND (category = ANY ('{3,5,7}'::integer[])))
               Rows Removed by Filter: 31
               Buffers: shared hit=2003
 Planning:
   Buffers: shared hit=393
 Planning Time: 1.167 ms
 Execution Time: 5.008 ms
(17 rows)

================ RUN 66 ================
                                                                        QUERY PLAN                                                                         
-----------------------------------------------------------------------------------------------------------------------------------------------------------
 Nested Loop  (cost=175.48..1956.92 rows=50 width=22) (actual time=0.676..4.848 rows=50 loops=1)
   Buffers: shared hit=2005
   ->  Limit  (cost=0.00..0.81 rows=10 width=528) (actual time=0.004..0.007 rows=10 loops=1)
         Buffers: shared hit=2
         ->  Seq Scan on sift_query  (cost=0.00..815.00 rows=10000 width=528) (actual time=0.004..0.005 rows=10 loops=1)
               Buffers: shared hit=2
   ->  Limit  (cost=175.48..195.51 rows=5 width=22) (actual time=0.458..0.483 rows=5 loops=10)
         Buffers: shared hit=2003
         ->  Index Scan using sift_base_v_ivfflat on sift_base b  (cost=175.48..480484.28 rows=119912 width=22) (actual time=0.457..0.482 rows=5 loops=10)
               Order By: (v <-> sift_query.v)
               Filter: ((price >= 100) AND (price <= 500) AND (category = ANY ('{3,5,7}'::integer[])))
               Rows Removed by Filter: 31
               Buffers: shared hit=2003
 Planning:
   Buffers: shared hit=393
 Planning Time: 1.139 ms
 Execution Time: 4.901 ms
(17 rows)

================ RUN 67 ================
                                                                        QUERY PLAN                                                                         
-----------------------------------------------------------------------------------------------------------------------------------------------------------
 Nested Loop  (cost=175.48..1956.92 rows=50 width=22) (actual time=0.808..5.650 rows=50 loops=1)
   Buffers: shared hit=2005
   ->  Limit  (cost=0.00..0.81 rows=10 width=528) (actual time=0.005..0.009 rows=10 loops=1)
         Buffers: shared hit=2
         ->  Seq Scan on sift_query  (cost=0.00..815.00 rows=10000 width=528) (actual time=0.004..0.007 rows=10 loops=1)
               Buffers: shared hit=2
   ->  Limit  (cost=175.48..195.51 rows=5 width=22) (actual time=0.529..0.562 rows=5 loops=10)
         Buffers: shared hit=2003
         ->  Index Scan using sift_base_v_ivfflat on sift_base b  (cost=175.48..480484.28 rows=119912 width=22) (actual time=0.529..0.561 rows=5 loops=10)
               Order By: (v <-> sift_query.v)
               Filter: ((price >= 100) AND (price <= 500) AND (category = ANY ('{3,5,7}'::integer[])))
               Rows Removed by Filter: 31
               Buffers: shared hit=2003
 Planning:
   Buffers: shared hit=393
 Planning Time: 1.320 ms
 Execution Time: 5.712 ms
(17 rows)

================ RUN 68 ================
                                                                        QUERY PLAN                                                                         
-----------------------------------------------------------------------------------------------------------------------------------------------------------
 Nested Loop  (cost=175.48..1956.92 rows=50 width=22) (actual time=0.729..5.207 rows=50 loops=1)
   Buffers: shared hit=2005
   ->  Limit  (cost=0.00..0.81 rows=10 width=528) (actual time=0.004..0.007 rows=10 loops=1)
         Buffers: shared hit=2
         ->  Seq Scan on sift_query  (cost=0.00..815.00 rows=10000 width=528) (actual time=0.004..0.005 rows=10 loops=1)
               Buffers: shared hit=2
   ->  Limit  (cost=175.48..195.51 rows=5 width=22) (actual time=0.486..0.519 rows=5 loops=10)
         Buffers: shared hit=2003
         ->  Index Scan using sift_base_v_ivfflat on sift_base b  (cost=175.48..480484.28 rows=119912 width=22) (actual time=0.486..0.517 rows=5 loops=10)
               Order By: (v <-> sift_query.v)
               Filter: ((price >= 100) AND (price <= 500) AND (category = ANY ('{3,5,7}'::integer[])))
               Rows Removed by Filter: 31
               Buffers: shared hit=2003
 Planning:
   Buffers: shared hit=393
 Planning Time: 1.213 ms
 Execution Time: 5.264 ms
(17 rows)

================ RUN 69 ================
                                                                        QUERY PLAN                                                                         
-----------------------------------------------------------------------------------------------------------------------------------------------------------
 Nested Loop  (cost=175.48..1956.92 rows=50 width=22) (actual time=0.638..4.700 rows=50 loops=1)
   Buffers: shared hit=2005
   ->  Limit  (cost=0.00..0.81 rows=10 width=528) (actual time=0.004..0.007 rows=10 loops=1)
         Buffers: shared hit=2
         ->  Seq Scan on sift_query  (cost=0.00..815.00 rows=10000 width=528) (actual time=0.003..0.005 rows=10 loops=1)
               Buffers: shared hit=2
   ->  Limit  (cost=175.48..195.51 rows=5 width=22) (actual time=0.443..0.468 rows=5 loops=10)
         Buffers: shared hit=2003
         ->  Index Scan using sift_base_v_ivfflat on sift_base b  (cost=175.48..480484.28 rows=119912 width=22) (actual time=0.442..0.467 rows=5 loops=10)
               Order By: (v <-> sift_query.v)
               Filter: ((price >= 100) AND (price <= 500) AND (category = ANY ('{3,5,7}'::integer[])))
               Rows Removed by Filter: 31
               Buffers: shared hit=2003
 Planning:
   Buffers: shared hit=393
 Planning Time: 1.041 ms
 Execution Time: 4.750 ms
(17 rows)

================ RUN 70 ================
                                                                        QUERY PLAN                                                                         
-----------------------------------------------------------------------------------------------------------------------------------------------------------
 Nested Loop  (cost=175.48..1956.92 rows=50 width=22) (actual time=0.624..4.614 rows=50 loops=1)
   Buffers: shared hit=2005
   ->  Limit  (cost=0.00..0.81 rows=10 width=528) (actual time=0.004..0.007 rows=10 loops=1)
         Buffers: shared hit=2
         ->  Seq Scan on sift_query  (cost=0.00..815.00 rows=10000 width=528) (actual time=0.003..0.005 rows=10 loops=1)
               Buffers: shared hit=2
   ->  Limit  (cost=175.48..195.51 rows=5 width=22) (actual time=0.437..0.459 rows=5 loops=10)
         Buffers: shared hit=2003
         ->  Index Scan using sift_base_v_ivfflat on sift_base b  (cost=175.48..480484.28 rows=119912 width=22) (actual time=0.436..0.458 rows=5 loops=10)
               Order By: (v <-> sift_query.v)
               Filter: ((price >= 100) AND (price <= 500) AND (category = ANY ('{3,5,7}'::integer[])))
               Rows Removed by Filter: 31
               Buffers: shared hit=2003
 Planning:
   Buffers: shared hit=393
 Planning Time: 1.046 ms
 Execution Time: 4.664 ms
(17 rows)

================ RUN 71 ================
                                                                        QUERY PLAN                                                                         
-----------------------------------------------------------------------------------------------------------------------------------------------------------
 Nested Loop  (cost=175.48..1956.92 rows=50 width=22) (actual time=0.654..4.735 rows=50 loops=1)
   Buffers: shared hit=2005
   ->  Limit  (cost=0.00..0.81 rows=10 width=528) (actual time=0.004..0.007 rows=10 loops=1)
         Buffers: shared hit=2
         ->  Seq Scan on sift_query  (cost=0.00..815.00 rows=10000 width=528) (actual time=0.003..0.005 rows=10 loops=1)
               Buffers: shared hit=2
   ->  Limit  (cost=175.48..195.51 rows=5 width=22) (actual time=0.447..0.471 rows=5 loops=10)
         Buffers: shared hit=2003
         ->  Index Scan using sift_base_v_ivfflat on sift_base b  (cost=175.48..480484.28 rows=119912 width=22) (actual time=0.446..0.470 rows=5 loops=10)
               Order By: (v <-> sift_query.v)
               Filter: ((price >= 100) AND (price <= 500) AND (category = ANY ('{3,5,7}'::integer[])))
               Rows Removed by Filter: 31
               Buffers: shared hit=2003
 Planning:
   Buffers: shared hit=393
 Planning Time: 1.088 ms
 Execution Time: 4.791 ms
(17 rows)

================ RUN 72 ================
                                                                        QUERY PLAN                                                                         
-----------------------------------------------------------------------------------------------------------------------------------------------------------
 Nested Loop  (cost=175.48..1956.92 rows=50 width=22) (actual time=0.701..4.840 rows=50 loops=1)
   Buffers: shared hit=2005
   ->  Limit  (cost=0.00..0.81 rows=10 width=528) (actual time=0.004..0.007 rows=10 loops=1)
         Buffers: shared hit=2
         ->  Seq Scan on sift_query  (cost=0.00..815.00 rows=10000 width=528) (actual time=0.004..0.005 rows=10 loops=1)
               Buffers: shared hit=2
   ->  Limit  (cost=175.48..195.51 rows=5 width=22) (actual time=0.457..0.482 rows=5 loops=10)
         Buffers: shared hit=2003
         ->  Index Scan using sift_base_v_ivfflat on sift_base b  (cost=175.48..480484.28 rows=119912 width=22) (actual time=0.456..0.480 rows=5 loops=10)
               Order By: (v <-> sift_query.v)
               Filter: ((price >= 100) AND (price <= 500) AND (category = ANY ('{3,5,7}'::integer[])))
               Rows Removed by Filter: 31
               Buffers: shared hit=2003
 Planning:
   Buffers: shared hit=393
 Planning Time: 1.147 ms
 Execution Time: 4.899 ms
(17 rows)

================ RUN 73 ================
                                                                        QUERY PLAN                                                                         
-----------------------------------------------------------------------------------------------------------------------------------------------------------
 Nested Loop  (cost=175.48..1956.92 rows=50 width=22) (actual time=0.685..4.844 rows=50 loops=1)
   Buffers: shared hit=2005
   ->  Limit  (cost=0.00..0.81 rows=10 width=528) (actual time=0.004..0.007 rows=10 loops=1)
         Buffers: shared hit=2
         ->  Seq Scan on sift_query  (cost=0.00..815.00 rows=10000 width=528) (actual time=0.004..0.005 rows=10 loops=1)
               Buffers: shared hit=2
   ->  Limit  (cost=175.48..195.51 rows=5 width=22) (actual time=0.457..0.482 rows=5 loops=10)
         Buffers: shared hit=2003
         ->  Index Scan using sift_base_v_ivfflat on sift_base b  (cost=175.48..480484.28 rows=119912 width=22) (actual time=0.457..0.481 rows=5 loops=10)
               Order By: (v <-> sift_query.v)
               Filter: ((price >= 100) AND (price <= 500) AND (category = ANY ('{3,5,7}'::integer[])))
               Rows Removed by Filter: 31
               Buffers: shared hit=2003
 Planning:
   Buffers: shared hit=393
 Planning Time: 1.164 ms
 Execution Time: 4.901 ms
(17 rows)

================ RUN 74 ================
                                                                        QUERY PLAN                                                                         
-----------------------------------------------------------------------------------------------------------------------------------------------------------
 Nested Loop  (cost=175.48..1956.92 rows=50 width=22) (actual time=0.634..4.706 rows=50 loops=1)
   Buffers: shared hit=2005
   ->  Limit  (cost=0.00..0.81 rows=10 width=528) (actual time=0.004..0.007 rows=10 loops=1)
         Buffers: shared hit=2
         ->  Seq Scan on sift_query  (cost=0.00..815.00 rows=10000 width=528) (actual time=0.003..0.005 rows=10 loops=1)
               Buffers: shared hit=2
   ->  Limit  (cost=175.48..195.51 rows=5 width=22) (actual time=0.444..0.468 rows=5 loops=10)
         Buffers: shared hit=2003
         ->  Index Scan using sift_base_v_ivfflat on sift_base b  (cost=175.48..480484.28 rows=119912 width=22) (actual time=0.444..0.467 rows=5 loops=10)
               Order By: (v <-> sift_query.v)
               Filter: ((price >= 100) AND (price <= 500) AND (category = ANY ('{3,5,7}'::integer[])))
               Rows Removed by Filter: 31
               Buffers: shared hit=2003
 Planning:
   Buffers: shared hit=393
 Planning Time: 1.049 ms
 Execution Time: 4.758 ms
(17 rows)

================ RUN 75 ================
                                                                        QUERY PLAN                                                                         
-----------------------------------------------------------------------------------------------------------------------------------------------------------
 Nested Loop  (cost=175.48..1956.92 rows=50 width=22) (actual time=0.631..4.661 rows=50 loops=1)
   Buffers: shared hit=2005
   ->  Limit  (cost=0.00..0.81 rows=10 width=528) (actual time=0.004..0.007 rows=10 loops=1)
         Buffers: shared hit=2
         ->  Seq Scan on sift_query  (cost=0.00..815.00 rows=10000 width=528) (actual time=0.003..0.005 rows=10 loops=1)
               Buffers: shared hit=2
   ->  Limit  (cost=175.48..195.51 rows=5 width=22) (actual time=0.440..0.464 rows=5 loops=10)
         Buffers: shared hit=2003
         ->  Index Scan using sift_base_v_ivfflat on sift_base b  (cost=175.48..480484.28 rows=119912 width=22) (actual time=0.440..0.463 rows=5 loops=10)
               Order By: (v <-> sift_query.v)
               Filter: ((price >= 100) AND (price <= 500) AND (category = ANY ('{3,5,7}'::integer[])))
               Rows Removed by Filter: 31
               Buffers: shared hit=2003
 Planning:
   Buffers: shared hit=393
 Planning Time: 1.046 ms
 Execution Time: 4.719 ms
(17 rows)

================ RUN 76 ================
                                                                        QUERY PLAN                                                                         
-----------------------------------------------------------------------------------------------------------------------------------------------------------
 Nested Loop  (cost=175.48..1956.92 rows=50 width=22) (actual time=0.657..4.816 rows=50 loops=1)
   Buffers: shared hit=2005
   ->  Limit  (cost=0.00..0.81 rows=10 width=528) (actual time=0.004..0.008 rows=10 loops=1)
         Buffers: shared hit=2
         ->  Seq Scan on sift_query  (cost=0.00..815.00 rows=10000 width=528) (actual time=0.004..0.006 rows=10 loops=1)
               Buffers: shared hit=2
   ->  Limit  (cost=175.48..195.51 rows=5 width=22) (actual time=0.455..0.479 rows=5 loops=10)
         Buffers: shared hit=2003
         ->  Index Scan using sift_base_v_ivfflat on sift_base b  (cost=175.48..480484.28 rows=119912 width=22) (actual time=0.454..0.478 rows=5 loops=10)
               Order By: (v <-> sift_query.v)
               Filter: ((price >= 100) AND (price <= 500) AND (category = ANY ('{3,5,7}'::integer[])))
               Rows Removed by Filter: 31
               Buffers: shared hit=2003
 Planning:
   Buffers: shared hit=393
 Planning Time: 1.148 ms
 Execution Time: 4.870 ms
(17 rows)

================ RUN 77 ================
                                                                        QUERY PLAN                                                                         
-----------------------------------------------------------------------------------------------------------------------------------------------------------
 Nested Loop  (cost=175.48..1956.92 rows=50 width=22) (actual time=0.637..4.742 rows=50 loops=1)
   Buffers: shared hit=2005
   ->  Limit  (cost=0.00..0.81 rows=10 width=528) (actual time=0.004..0.007 rows=10 loops=1)
         Buffers: shared hit=2
         ->  Seq Scan on sift_query  (cost=0.00..815.00 rows=10000 width=528) (actual time=0.003..0.005 rows=10 loops=1)
               Buffers: shared hit=2
   ->  Limit  (cost=175.48..195.51 rows=5 width=22) (actual time=0.448..0.472 rows=5 loops=10)
         Buffers: shared hit=2003
         ->  Index Scan using sift_base_v_ivfflat on sift_base b  (cost=175.48..480484.28 rows=119912 width=22) (actual time=0.447..0.471 rows=5 loops=10)
               Order By: (v <-> sift_query.v)
               Filter: ((price >= 100) AND (price <= 500) AND (category = ANY ('{3,5,7}'::integer[])))
               Rows Removed by Filter: 31
               Buffers: shared hit=2003
 Planning:
   Buffers: shared hit=393
 Planning Time: 1.071 ms
 Execution Time: 4.798 ms
(17 rows)

================ RUN 78 ================
                                                                        QUERY PLAN                                                                         
-----------------------------------------------------------------------------------------------------------------------------------------------------------
 Nested Loop  (cost=175.48..1956.92 rows=50 width=22) (actual time=0.614..4.590 rows=50 loops=1)
   Buffers: shared hit=2005
   ->  Limit  (cost=0.00..0.81 rows=10 width=528) (actual time=0.004..0.008 rows=10 loops=1)
         Buffers: shared hit=2
         ->  Seq Scan on sift_query  (cost=0.00..815.00 rows=10000 width=528) (actual time=0.003..0.006 rows=10 loops=1)
               Buffers: shared hit=2
   ->  Limit  (cost=175.48..195.51 rows=5 width=22) (actual time=0.434..0.457 rows=5 loops=10)
         Buffers: shared hit=2003
         ->  Index Scan using sift_base_v_ivfflat on sift_base b  (cost=175.48..480484.28 rows=119912 width=22) (actual time=0.434..0.456 rows=5 loops=10)
               Order By: (v <-> sift_query.v)
               Filter: ((price >= 100) AND (price <= 500) AND (category = ANY ('{3,5,7}'::integer[])))
               Rows Removed by Filter: 31
               Buffers: shared hit=2003
 Planning:
   Buffers: shared hit=393
 Planning Time: 1.046 ms
 Execution Time: 4.641 ms
(17 rows)

================ RUN 79 ================
                                                                        QUERY PLAN                                                                         
-----------------------------------------------------------------------------------------------------------------------------------------------------------
 Nested Loop  (cost=175.48..1956.92 rows=50 width=22) (actual time=0.625..4.617 rows=50 loops=1)
   Buffers: shared hit=2005
   ->  Limit  (cost=0.00..0.81 rows=10 width=528) (actual time=0.004..0.007 rows=10 loops=1)
         Buffers: shared hit=2
         ->  Seq Scan on sift_query  (cost=0.00..815.00 rows=10000 width=528) (actual time=0.003..0.005 rows=10 loops=1)
               Buffers: shared hit=2
   ->  Limit  (cost=175.48..195.51 rows=5 width=22) (actual time=0.437..0.460 rows=5 loops=10)
         Buffers: shared hit=2003
         ->  Index Scan using sift_base_v_ivfflat on sift_base b  (cost=175.48..480484.28 rows=119912 width=22) (actual time=0.436..0.459 rows=5 loops=10)
               Order By: (v <-> sift_query.v)
               Filter: ((price >= 100) AND (price <= 500) AND (category = ANY ('{3,5,7}'::integer[])))
               Rows Removed by Filter: 31
               Buffers: shared hit=2003
 Planning:
   Buffers: shared hit=393
 Planning Time: 1.027 ms
 Execution Time: 4.668 ms
(17 rows)

================ RUN 80 ================
                                                                        QUERY PLAN                                                                         
-----------------------------------------------------------------------------------------------------------------------------------------------------------
 Nested Loop  (cost=175.48..1956.92 rows=50 width=22) (actual time=0.588..4.454 rows=50 loops=1)
   Buffers: shared hit=2005
   ->  Limit  (cost=0.00..0.81 rows=10 width=528) (actual time=0.004..0.007 rows=10 loops=1)
         Buffers: shared hit=2
         ->  Seq Scan on sift_query  (cost=0.00..815.00 rows=10000 width=528) (actual time=0.003..0.005 rows=10 loops=1)
               Buffers: shared hit=2
   ->  Limit  (cost=175.48..195.51 rows=5 width=22) (actual time=0.422..0.443 rows=5 loops=10)
         Buffers: shared hit=2003
         ->  Index Scan using sift_base_v_ivfflat on sift_base b  (cost=175.48..480484.28 rows=119912 width=22) (actual time=0.421..0.442 rows=5 loops=10)
               Order By: (v <-> sift_query.v)
               Filter: ((price >= 100) AND (price <= 500) AND (category = ANY ('{3,5,7}'::integer[])))
               Rows Removed by Filter: 31
               Buffers: shared hit=2003
 Planning:
   Buffers: shared hit=393
 Planning Time: 0.996 ms
 Execution Time: 4.515 ms
(17 rows)

================ RUN 81 ================
                                                                        QUERY PLAN                                                                         
-----------------------------------------------------------------------------------------------------------------------------------------------------------
 Nested Loop  (cost=175.48..1956.92 rows=50 width=22) (actual time=0.684..4.875 rows=50 loops=1)
   Buffers: shared hit=2005
   ->  Limit  (cost=0.00..0.81 rows=10 width=528) (actual time=0.005..0.008 rows=10 loops=1)
         Buffers: shared hit=2
         ->  Seq Scan on sift_query  (cost=0.00..815.00 rows=10000 width=528) (actual time=0.004..0.006 rows=10 loops=1)
               Buffers: shared hit=2
   ->  Limit  (cost=175.48..195.51 rows=5 width=22) (actual time=0.460..0.485 rows=5 loops=10)
         Buffers: shared hit=2003
         ->  Index Scan using sift_base_v_ivfflat on sift_base b  (cost=175.48..480484.28 rows=119912 width=22) (actual time=0.460..0.484 rows=5 loops=10)
               Order By: (v <-> sift_query.v)
               Filter: ((price >= 100) AND (price <= 500) AND (category = ANY ('{3,5,7}'::integer[])))
               Rows Removed by Filter: 31
               Buffers: shared hit=2003
 Planning:
   Buffers: shared hit=393
 Planning Time: 1.164 ms
 Execution Time: 4.942 ms
(17 rows)

================ RUN 82 ================
                                                                        QUERY PLAN                                                                         
-----------------------------------------------------------------------------------------------------------------------------------------------------------
 Nested Loop  (cost=175.48..1956.92 rows=50 width=22) (actual time=0.622..4.647 rows=50 loops=1)
   Buffers: shared hit=2005
   ->  Limit  (cost=0.00..0.81 rows=10 width=528) (actual time=0.004..0.006 rows=10 loops=1)
         Buffers: shared hit=2
         ->  Seq Scan on sift_query  (cost=0.00..815.00 rows=10000 width=528) (actual time=0.003..0.005 rows=10 loops=1)
               Buffers: shared hit=2
   ->  Limit  (cost=175.48..195.51 rows=5 width=22) (actual time=0.439..0.463 rows=5 loops=10)
         Buffers: shared hit=2003
         ->  Index Scan using sift_base_v_ivfflat on sift_base b  (cost=175.48..480484.28 rows=119912 width=22) (actual time=0.439..0.462 rows=5 loops=10)
               Order By: (v <-> sift_query.v)
               Filter: ((price >= 100) AND (price <= 500) AND (category = ANY ('{3,5,7}'::integer[])))
               Rows Removed by Filter: 31
               Buffers: shared hit=2003
 Planning:
   Buffers: shared hit=393
 Planning Time: 1.051 ms
 Execution Time: 4.713 ms
(17 rows)

================ RUN 83 ================
                                                                        QUERY PLAN                                                                         
-----------------------------------------------------------------------------------------------------------------------------------------------------------
 Nested Loop  (cost=175.48..1956.92 rows=50 width=22) (actual time=0.628..4.660 rows=50 loops=1)
   Buffers: shared hit=2005
   ->  Limit  (cost=0.00..0.81 rows=10 width=528) (actual time=0.004..0.007 rows=10 loops=1)
         Buffers: shared hit=2
         ->  Seq Scan on sift_query  (cost=0.00..815.00 rows=10000 width=528) (actual time=0.003..0.005 rows=10 loops=1)
               Buffers: shared hit=2
   ->  Limit  (cost=175.48..195.51 rows=5 width=22) (actual time=0.441..0.464 rows=5 loops=10)
         Buffers: shared hit=2003
         ->  Index Scan using sift_base_v_ivfflat on sift_base b  (cost=175.48..480484.28 rows=119912 width=22) (actual time=0.440..0.463 rows=5 loops=10)
               Order By: (v <-> sift_query.v)
               Filter: ((price >= 100) AND (price <= 500) AND (category = ANY ('{3,5,7}'::integer[])))
               Rows Removed by Filter: 31
               Buffers: shared hit=2003
 Planning:
   Buffers: shared hit=393
 Planning Time: 1.038 ms
 Execution Time: 4.715 ms
(17 rows)

================ RUN 84 ================
                                                                        QUERY PLAN                                                                         
-----------------------------------------------------------------------------------------------------------------------------------------------------------
 Nested Loop  (cost=175.48..1956.92 rows=50 width=22) (actual time=0.685..4.867 rows=50 loops=1)
   Buffers: shared hit=2005
   ->  Limit  (cost=0.00..0.81 rows=10 width=528) (actual time=0.004..0.007 rows=10 loops=1)
         Buffers: shared hit=2
         ->  Seq Scan on sift_query  (cost=0.00..815.00 rows=10000 width=528) (actual time=0.004..0.005 rows=10 loops=1)
               Buffers: shared hit=2
   ->  Limit  (cost=175.48..195.51 rows=5 width=22) (actual time=0.459..0.484 rows=5 loops=10)
         Buffers: shared hit=2003
         ->  Index Scan using sift_base_v_ivfflat on sift_base b  (cost=175.48..480484.28 rows=119912 width=22) (actual time=0.459..0.483 rows=5 loops=10)
               Order By: (v <-> sift_query.v)
               Filter: ((price >= 100) AND (price <= 500) AND (category = ANY ('{3,5,7}'::integer[])))
               Rows Removed by Filter: 31
               Buffers: shared hit=2003
 Planning:
   Buffers: shared hit=393
 Planning Time: 1.145 ms
 Execution Time: 4.925 ms
(17 rows)

================ RUN 85 ================
                                                                        QUERY PLAN                                                                         
-----------------------------------------------------------------------------------------------------------------------------------------------------------
 Nested Loop  (cost=175.48..1956.92 rows=50 width=22) (actual time=0.666..4.804 rows=50 loops=1)
   Buffers: shared hit=2005
   ->  Limit  (cost=0.00..0.81 rows=10 width=528) (actual time=0.004..0.007 rows=10 loops=1)
         Buffers: shared hit=2
         ->  Seq Scan on sift_query  (cost=0.00..815.00 rows=10000 width=528) (actual time=0.003..0.005 rows=10 loops=1)
               Buffers: shared hit=2
   ->  Limit  (cost=175.48..195.51 rows=5 width=22) (actual time=0.452..0.478 rows=5 loops=10)
         Buffers: shared hit=2003
         ->  Index Scan using sift_base_v_ivfflat on sift_base b  (cost=175.48..480484.28 rows=119912 width=22) (actual time=0.451..0.477 rows=5 loops=10)
               Order By: (v <-> sift_query.v)
               Filter: ((price >= 100) AND (price <= 500) AND (category = ANY ('{3,5,7}'::integer[])))
               Rows Removed by Filter: 31
               Buffers: shared hit=2003
 Planning:
   Buffers: shared hit=393
 Planning Time: 1.144 ms
 Execution Time: 4.859 ms
(17 rows)

================ RUN 86 ================
                                                                        QUERY PLAN                                                                         
-----------------------------------------------------------------------------------------------------------------------------------------------------------
 Nested Loop  (cost=175.48..1956.92 rows=50 width=22) (actual time=0.621..4.665 rows=50 loops=1)
   Buffers: shared hit=2005
   ->  Limit  (cost=0.00..0.81 rows=10 width=528) (actual time=0.004..0.006 rows=10 loops=1)
         Buffers: shared hit=2
         ->  Seq Scan on sift_query  (cost=0.00..815.00 rows=10000 width=528) (actual time=0.003..0.005 rows=10 loops=1)
               Buffers: shared hit=2
   ->  Limit  (cost=175.48..195.51 rows=5 width=22) (actual time=0.439..0.464 rows=5 loops=10)
         Buffers: shared hit=2003
         ->  Index Scan using sift_base_v_ivfflat on sift_base b  (cost=175.48..480484.28 rows=119912 width=22) (actual time=0.439..0.463 rows=5 loops=10)
               Order By: (v <-> sift_query.v)
               Filter: ((price >= 100) AND (price <= 500) AND (category = ANY ('{3,5,7}'::integer[])))
               Rows Removed by Filter: 31
               Buffers: shared hit=2003
 Planning:
   Buffers: shared hit=393
 Planning Time: 1.058 ms
 Execution Time: 4.716 ms
(17 rows)

================ RUN 87 ================
                                                                        QUERY PLAN                                                                         
-----------------------------------------------------------------------------------------------------------------------------------------------------------
 Nested Loop  (cost=175.48..1956.92 rows=50 width=22) (actual time=0.624..4.589 rows=50 loops=1)
   Buffers: shared hit=2005
   ->  Limit  (cost=0.00..0.81 rows=10 width=528) (actual time=0.004..0.006 rows=10 loops=1)
         Buffers: shared hit=2
         ->  Seq Scan on sift_query  (cost=0.00..815.00 rows=10000 width=528) (actual time=0.003..0.005 rows=10 loops=1)
               Buffers: shared hit=2
   ->  Limit  (cost=175.48..195.51 rows=5 width=22) (actual time=0.435..0.457 rows=5 loops=10)
         Buffers: shared hit=2003
         ->  Index Scan using sift_base_v_ivfflat on sift_base b  (cost=175.48..480484.28 rows=119912 width=22) (actual time=0.434..0.456 rows=5 loops=10)
               Order By: (v <-> sift_query.v)
               Filter: ((price >= 100) AND (price <= 500) AND (category = ANY ('{3,5,7}'::integer[])))
               Rows Removed by Filter: 31
               Buffers: shared hit=2003
 Planning:
   Buffers: shared hit=393
 Planning Time: 1.022 ms
 Execution Time: 4.638 ms
(17 rows)

================ RUN 88 ================
                                                                        QUERY PLAN                                                                         
-----------------------------------------------------------------------------------------------------------------------------------------------------------
 Nested Loop  (cost=175.48..1956.92 rows=50 width=22) (actual time=0.633..4.700 rows=50 loops=1)
   Buffers: shared hit=2005
   ->  Limit  (cost=0.00..0.81 rows=10 width=528) (actual time=0.004..0.007 rows=10 loops=1)
         Buffers: shared hit=2
         ->  Seq Scan on sift_query  (cost=0.00..815.00 rows=10000 width=528) (actual time=0.003..0.005 rows=10 loops=1)
               Buffers: shared hit=2
   ->  Limit  (cost=175.48..195.51 rows=5 width=22) (actual time=0.444..0.468 rows=5 loops=10)
         Buffers: shared hit=2003
         ->  Index Scan using sift_base_v_ivfflat on sift_base b  (cost=175.48..480484.28 rows=119912 width=22) (actual time=0.443..0.467 rows=5 loops=10)
               Order By: (v <-> sift_query.v)
               Filter: ((price >= 100) AND (price <= 500) AND (category = ANY ('{3,5,7}'::integer[])))
               Rows Removed by Filter: 31
               Buffers: shared hit=2003
 Planning:
   Buffers: shared hit=393
 Planning Time: 1.051 ms
 Execution Time: 4.753 ms
(17 rows)

================ RUN 89 ================
                                                                        QUERY PLAN                                                                         
-----------------------------------------------------------------------------------------------------------------------------------------------------------
 Nested Loop  (cost=175.48..1956.92 rows=50 width=22) (actual time=0.680..4.828 rows=50 loops=1)
   Buffers: shared hit=2005
   ->  Limit  (cost=0.00..0.81 rows=10 width=528) (actual time=0.004..0.007 rows=10 loops=1)
         Buffers: shared hit=2
         ->  Seq Scan on sift_query  (cost=0.00..815.00 rows=10000 width=528) (actual time=0.004..0.005 rows=10 loops=1)
               Buffers: shared hit=2
   ->  Limit  (cost=175.48..195.51 rows=5 width=22) (actual time=0.456..0.481 rows=5 loops=10)
         Buffers: shared hit=2003
         ->  Index Scan using sift_base_v_ivfflat on sift_base b  (cost=175.48..480484.28 rows=119912 width=22) (actual time=0.455..0.480 rows=5 loops=10)
               Order By: (v <-> sift_query.v)
               Filter: ((price >= 100) AND (price <= 500) AND (category = ANY ('{3,5,7}'::integer[])))
               Rows Removed by Filter: 31
               Buffers: shared hit=2003
 Planning:
   Buffers: shared hit=393
 Planning Time: 1.134 ms
 Execution Time: 4.885 ms
(17 rows)

================ RUN 90 ================
                                                                        QUERY PLAN                                                                         
-----------------------------------------------------------------------------------------------------------------------------------------------------------
 Nested Loop  (cost=175.48..1956.92 rows=50 width=22) (actual time=0.634..4.654 rows=50 loops=1)
   Buffers: shared hit=2005
   ->  Limit  (cost=0.00..0.81 rows=10 width=528) (actual time=0.004..0.007 rows=10 loops=1)
         Buffers: shared hit=2
         ->  Seq Scan on sift_query  (cost=0.00..815.00 rows=10000 width=528) (actual time=0.003..0.005 rows=10 loops=1)
               Buffers: shared hit=2
   ->  Limit  (cost=175.48..195.51 rows=5 width=22) (actual time=0.439..0.463 rows=5 loops=10)
         Buffers: shared hit=2003
         ->  Index Scan using sift_base_v_ivfflat on sift_base b  (cost=175.48..480484.28 rows=119912 width=22) (actual time=0.439..0.462 rows=5 loops=10)
               Order By: (v <-> sift_query.v)
               Filter: ((price >= 100) AND (price <= 500) AND (category = ANY ('{3,5,7}'::integer[])))
               Rows Removed by Filter: 31
               Buffers: shared hit=2003
 Planning:
   Buffers: shared hit=393
 Planning Time: 1.039 ms
 Execution Time: 4.704 ms
(17 rows)

================ RUN 91 ================
                                                                        QUERY PLAN                                                                         
-----------------------------------------------------------------------------------------------------------------------------------------------------------
 Nested Loop  (cost=175.48..1956.92 rows=50 width=22) (actual time=0.644..4.707 rows=50 loops=1)
   Buffers: shared hit=2005
   ->  Limit  (cost=0.00..0.81 rows=10 width=528) (actual time=0.004..0.007 rows=10 loops=1)
         Buffers: shared hit=2
         ->  Seq Scan on sift_query  (cost=0.00..815.00 rows=10000 width=528) (actual time=0.003..0.005 rows=10 loops=1)
               Buffers: shared hit=2
   ->  Limit  (cost=175.48..195.51 rows=5 width=22) (actual time=0.443..0.468 rows=5 loops=10)
         Buffers: shared hit=2003
         ->  Index Scan using sift_base_v_ivfflat on sift_base b  (cost=175.48..480484.28 rows=119912 width=22) (actual time=0.442..0.467 rows=5 loops=10)
               Order By: (v <-> sift_query.v)
               Filter: ((price >= 100) AND (price <= 500) AND (category = ANY ('{3,5,7}'::integer[])))
               Rows Removed by Filter: 31
               Buffers: shared hit=2003
 Planning:
   Buffers: shared hit=393
 Planning Time: 1.065 ms
 Execution Time: 4.759 ms
(17 rows)

================ RUN 92 ================
                                                                        QUERY PLAN                                                                         
-----------------------------------------------------------------------------------------------------------------------------------------------------------
 Nested Loop  (cost=175.48..1956.92 rows=50 width=22) (actual time=0.630..4.683 rows=50 loops=1)
   Buffers: shared hit=2005
   ->  Limit  (cost=0.00..0.81 rows=10 width=528) (actual time=0.004..0.006 rows=10 loops=1)
         Buffers: shared hit=2
         ->  Seq Scan on sift_query  (cost=0.00..815.00 rows=10000 width=528) (actual time=0.003..0.005 rows=10 loops=1)
               Buffers: shared hit=2
   ->  Limit  (cost=175.48..195.51 rows=5 width=22) (actual time=0.442..0.466 rows=5 loops=10)
         Buffers: shared hit=2003
         ->  Index Scan using sift_base_v_ivfflat on sift_base b  (cost=175.48..480484.28 rows=119912 width=22) (actual time=0.442..0.465 rows=5 loops=10)
               Order By: (v <-> sift_query.v)
               Filter: ((price >= 100) AND (price <= 500) AND (category = ANY ('{3,5,7}'::integer[])))
               Rows Removed by Filter: 31
               Buffers: shared hit=2003
 Planning:
   Buffers: shared hit=393
 Planning Time: 1.031 ms
 Execution Time: 4.733 ms
(17 rows)

================ RUN 93 ================
                                                                        QUERY PLAN                                                                         
-----------------------------------------------------------------------------------------------------------------------------------------------------------
 Nested Loop  (cost=175.48..1956.92 rows=50 width=22) (actual time=0.681..4.846 rows=50 loops=1)
   Buffers: shared hit=2005
   ->  Limit  (cost=0.00..0.81 rows=10 width=528) (actual time=0.004..0.007 rows=10 loops=1)
         Buffers: shared hit=2
         ->  Seq Scan on sift_query  (cost=0.00..815.00 rows=10000 width=528) (actual time=0.004..0.005 rows=10 loops=1)
               Buffers: shared hit=2
   ->  Limit  (cost=175.48..195.51 rows=5 width=22) (actual time=0.458..0.482 rows=5 loops=10)
         Buffers: shared hit=2003
         ->  Index Scan using sift_base_v_ivfflat on sift_base b  (cost=175.48..480484.28 rows=119912 width=22) (actual time=0.457..0.481 rows=5 loops=10)
               Order By: (v <-> sift_query.v)
               Filter: ((price >= 100) AND (price <= 500) AND (category = ANY ('{3,5,7}'::integer[])))
               Rows Removed by Filter: 31
               Buffers: shared hit=2003
 Planning:
   Buffers: shared hit=393
 Planning Time: 1.148 ms
 Execution Time: 4.900 ms
(17 rows)

================ RUN 94 ================
                                                                        QUERY PLAN                                                                         
-----------------------------------------------------------------------------------------------------------------------------------------------------------
 Nested Loop  (cost=175.48..1956.92 rows=50 width=22) (actual time=0.662..4.772 rows=50 loops=1)
   Buffers: shared hit=2005
   ->  Limit  (cost=0.00..0.81 rows=10 width=528) (actual time=0.004..0.007 rows=10 loops=1)
         Buffers: shared hit=2
         ->  Seq Scan on sift_query  (cost=0.00..815.00 rows=10000 width=528) (actual time=0.004..0.005 rows=10 loops=1)
               Buffers: shared hit=2
   ->  Limit  (cost=175.48..195.51 rows=5 width=22) (actual time=0.450..0.475 rows=5 loops=10)
         Buffers: shared hit=2003
         ->  Index Scan using sift_base_v_ivfflat on sift_base b  (cost=175.48..480484.28 rows=119912 width=22) (actual time=0.450..0.474 rows=5 loops=10)
               Order By: (v <-> sift_query.v)
               Filter: ((price >= 100) AND (price <= 500) AND (category = ANY ('{3,5,7}'::integer[])))
               Rows Removed by Filter: 31
               Buffers: shared hit=2003
 Planning:
   Buffers: shared hit=393
 Planning Time: 1.107 ms
 Execution Time: 4.825 ms
(17 rows)

================ RUN 95 ================
                                                                        QUERY PLAN                                                                         
-----------------------------------------------------------------------------------------------------------------------------------------------------------
 Nested Loop  (cost=175.48..1956.92 rows=50 width=22) (actual time=0.603..4.441 rows=50 loops=1)
   Buffers: shared hit=2005
   ->  Limit  (cost=0.00..0.81 rows=10 width=528) (actual time=0.004..0.007 rows=10 loops=1)
         Buffers: shared hit=2
         ->  Seq Scan on sift_query  (cost=0.00..815.00 rows=10000 width=528) (actual time=0.003..0.005 rows=10 loops=1)
               Buffers: shared hit=2
   ->  Limit  (cost=175.48..195.51 rows=5 width=22) (actual time=0.420..0.442 rows=5 loops=10)
         Buffers: shared hit=2003
         ->  Index Scan using sift_base_v_ivfflat on sift_base b  (cost=175.48..480484.28 rows=119912 width=22) (actual time=0.420..0.441 rows=5 loops=10)
               Order By: (v <-> sift_query.v)
               Filter: ((price >= 100) AND (price <= 500) AND (category = ANY ('{3,5,7}'::integer[])))
               Rows Removed by Filter: 31
               Buffers: shared hit=2003
 Planning:
   Buffers: shared hit=393
 Planning Time: 1.000 ms
 Execution Time: 4.490 ms
(17 rows)

================ RUN 96 ================
                                                                        QUERY PLAN                                                                         
-----------------------------------------------------------------------------------------------------------------------------------------------------------
 Nested Loop  (cost=175.48..1956.92 rows=50 width=22) (actual time=0.696..4.922 rows=50 loops=1)
   Buffers: shared hit=2005
   ->  Limit  (cost=0.00..0.81 rows=10 width=528) (actual time=0.004..0.007 rows=10 loops=1)
         Buffers: shared hit=2
         ->  Seq Scan on sift_query  (cost=0.00..815.00 rows=10000 width=528) (actual time=0.004..0.005 rows=10 loops=1)
               Buffers: shared hit=2
   ->  Limit  (cost=175.48..195.51 rows=5 width=22) (actual time=0.465..0.490 rows=5 loops=10)
         Buffers: shared hit=2003
         ->  Index Scan using sift_base_v_ivfflat on sift_base b  (cost=175.48..480484.28 rows=119912 width=22) (actual time=0.464..0.489 rows=5 loops=10)
               Order By: (v <-> sift_query.v)
               Filter: ((price >= 100) AND (price <= 500) AND (category = ANY ('{3,5,7}'::integer[])))
               Rows Removed by Filter: 31
               Buffers: shared hit=2003
 Planning:
   Buffers: shared hit=393
 Planning Time: 1.153 ms
 Execution Time: 4.978 ms
(17 rows)

================ RUN 97 ================
                                                                        QUERY PLAN                                                                         
-----------------------------------------------------------------------------------------------------------------------------------------------------------
 Nested Loop  (cost=175.48..1956.92 rows=50 width=22) (actual time=0.683..4.867 rows=50 loops=1)
   Buffers: shared hit=2005
   ->  Limit  (cost=0.00..0.81 rows=10 width=528) (actual time=0.004..0.007 rows=10 loops=1)
         Buffers: shared hit=2
         ->  Seq Scan on sift_query  (cost=0.00..815.00 rows=10000 width=528) (actual time=0.004..0.005 rows=10 loops=1)
               Buffers: shared hit=2
   ->  Limit  (cost=175.48..195.51 rows=5 width=22) (actual time=0.460..0.484 rows=5 loops=10)
         Buffers: shared hit=2003
         ->  Index Scan using sift_base_v_ivfflat on sift_base b  (cost=175.48..480484.28 rows=119912 width=22) (actual time=0.459..0.483 rows=5 loops=10)
               Order By: (v <-> sift_query.v)
               Filter: ((price >= 100) AND (price <= 500) AND (category = ANY ('{3,5,7}'::integer[])))
               Rows Removed by Filter: 31
               Buffers: shared hit=2003
 Planning:
   Buffers: shared hit=393
 Planning Time: 1.134 ms
 Execution Time: 4.921 ms
(17 rows)

================ RUN 98 ================
                                                                        QUERY PLAN                                                                         
-----------------------------------------------------------------------------------------------------------------------------------------------------------
 Nested Loop  (cost=175.48..1956.92 rows=50 width=22) (actual time=0.633..4.701 rows=50 loops=1)
   Buffers: shared hit=2005
   ->  Limit  (cost=0.00..0.81 rows=10 width=528) (actual time=0.004..0.007 rows=10 loops=1)
         Buffers: shared hit=2
         ->  Seq Scan on sift_query  (cost=0.00..815.00 rows=10000 width=528) (actual time=0.003..0.005 rows=10 loops=1)
               Buffers: shared hit=2
   ->  Limit  (cost=175.48..195.51 rows=5 width=22) (actual time=0.443..0.468 rows=5 loops=10)
         Buffers: shared hit=2003
         ->  Index Scan using sift_base_v_ivfflat on sift_base b  (cost=175.48..480484.28 rows=119912 width=22) (actual time=0.442..0.467 rows=5 loops=10)
               Order By: (v <-> sift_query.v)
               Filter: ((price >= 100) AND (price <= 500) AND (category = ANY ('{3,5,7}'::integer[])))
               Rows Removed by Filter: 31
               Buffers: shared hit=2003
 Planning:
   Buffers: shared hit=393
 Planning Time: 1.069 ms
 Execution Time: 4.765 ms
(17 rows)

================ RUN 99 ================
                                                                        QUERY PLAN                                                                         
-----------------------------------------------------------------------------------------------------------------------------------------------------------
 Nested Loop  (cost=175.48..1956.92 rows=50 width=22) (actual time=0.680..4.829 rows=50 loops=1)
   Buffers: shared hit=2005
   ->  Limit  (cost=0.00..0.81 rows=10 width=528) (actual time=0.004..0.007 rows=10 loops=1)
         Buffers: shared hit=2
         ->  Seq Scan on sift_query  (cost=0.00..815.00 rows=10000 width=528) (actual time=0.003..0.005 rows=10 loops=1)
               Buffers: shared hit=2
   ->  Limit  (cost=175.48..195.51 rows=5 width=22) (actual time=0.455..0.481 rows=5 loops=10)
         Buffers: shared hit=2003
         ->  Index Scan using sift_base_v_ivfflat on sift_base b  (cost=175.48..480484.28 rows=119912 width=22) (actual time=0.454..0.480 rows=5 loops=10)
               Order By: (v <-> sift_query.v)
               Filter: ((price >= 100) AND (price <= 500) AND (category = ANY ('{3,5,7}'::integer[])))
               Rows Removed by Filter: 31
               Buffers: shared hit=2003
 Planning:
   Buffers: shared hit=393
 Planning Time: 1.126 ms
 Execution Time: 4.882 ms
(17 rows)

================ RUN 100 ================
                                                                        QUERY PLAN                                                                         
-----------------------------------------------------------------------------------------------------------------------------------------------------------
 Nested Loop  (cost=175.48..1956.92 rows=50 width=22) (actual time=0.589..4.413 rows=50 loops=1)
   Buffers: shared hit=2005
   ->  Limit  (cost=0.00..0.81 rows=10 width=528) (actual time=0.004..0.007 rows=10 loops=1)
         Buffers: shared hit=2
         ->  Seq Scan on sift_query  (cost=0.00..815.00 rows=10000 width=528) (actual time=0.003..0.005 rows=10 loops=1)
               Buffers: shared hit=2
   ->  Limit  (cost=175.48..195.51 rows=5 width=22) (actual time=0.418..0.439 rows=5 loops=10)
         Buffers: shared hit=2003
         ->  Index Scan using sift_base_v_ivfflat on sift_base b  (cost=175.48..480484.28 rows=119912 width=22) (actual time=0.417..0.438 rows=5 loops=10)
               Order By: (v <-> sift_query.v)
               Filter: ((price >= 100) AND (price <= 500) AND (category = ANY ('{3,5,7}'::integer[])))
               Rows Removed by Filter: 31
               Buffers: shared hit=2003
 Planning:
   Buffers: shared hit=393
 Planning Time: 0.988 ms
 Execution Time: 4.464 ms
(17 rows)

